j1,j2,j3,j4,j5,j6,j7
0.0,0.7,0.0,1.5707963267948966,0.0,0.8707963267948966,0.0
-0.009362810088699906,0.7000973091531517,0.019306554114017126,1.5710298052757736,0.0024918858865432226,0.8708993757170008,0.0
-0.019081014069183194,0.7004976412353894,0.03888851081133224,1.5713623486983412,0.005030400087685809,0.8709817485945996,0.0
-0.03283117617518244,0.7015263149727892,0.06746183677504392,1.5720009237241526,0.008713524277404794,0.8710627074535869,0.0
-0.04602984695193445,0.7029537769246127,0.09251086726101869,1.572653769125938,0.011321634753254215,0.8709676533096756,0.0
-0.06392233340159362,0.7052356365372554,0.12442095340084705,1.573463302287561,0.012515803371254464,0.8706308227226105,0.0
-0.06975784883366219,0.7070100237126103,0.1400749852295892,1.5743115146904934,0.011378428886741431,0.8703876365416476,0.0
-0.08617474625565145,0.7102727841218155,0.17071263658988398,1.575401210665287,0.010577344474869273,0.8697384442133349,0.0
-0.07957775841146583,0.7112233630856942,0.17129056149913574,1.5765334997460958,0.008684063533634503,0.8694990895912273,0.0
-0.09787559086298786,0.7155078595079444,0.20514003355196006,1.5776401376440976,0.01151098355984916,0.8675386083553378,0.0
-0.11125231162115069,0.7186237955838577,0.22685767566006215,1.5783217262859341,0.011155019247827684,0.866702526276529,0.0
-0.10129737117006148,0.7191377097934706,0.2226418483385163,1.579669589626612,0.009169452288199823,0.8663613011771564,0.0
-0.11243854283741428,0.7223087424441816,0.24252397814808618,1.580257585367788,0.011340178918815743,0.8645192624060413,0.0
-0.12473462821765992,0.7256516319065313,0.2633009330180611,1.5803927068394232,0.011804184912183222,0.8617148346701783,0.0
-0.11613413294414507,0.7252557108878188,0.25784517902617515,1.5803170873479153,0.011095831381859723,0.8587485586736455,0.0
-0.1268190983667539,0.7286220088467447,0.2779277386943647,1.5798130598012596,0.012704971433970145,0.853338547465399,0.0
-0.127431224543947,0.7304991683833411,0.285844009765498,1.5797517808384245,0.012477133548794928,0.8487826901637157,0.0
-0.13703260792931177,0.7341568739321738,0.30465051531772025,1.5796179087701039,0.012730704253121604,0.8438313605378281,0.0
-0.1265970887913863,0.7338416283193996,0.2985109133444038,1.5799113698506195,0.011946033712628625,0.8400712395830366,0.0
-0.13456825904663813,0.7372241792848507,0.3142246439646653,1.5802269693802469,0.013853987478426675,0.8365397330799748,0.0
-0.1458682531131166,0.7415493726040661,0.334582960032636,1.5801979126388528,0.014441274812572453,0.8316155760755597,0.0
-0.13439898934876818,0.7409043860823258,0.32674707484469,1.5807195981086413,0.013661622125483245,0.8281418309770185,0.0
-0.14351038720961304,0.7454247699785677,0.3450614786103898,1.5815873427569596,0.015717275179416384,0.8245810238593184,0.0
-0.15607807290053846,0.7508816399282519,0.36779275965234925,1.5818375713336374,0.016139759754224603,0.8191682914764807,0.0
-0.14012710215988994,0.7488283166785435,0.3537076072514554,1.5826143854829917,0.015215403867235912,0.8163193872911305,0.0
-0.14949185556061798,0.7535919844097159,0.3709954775604274,1.5841726320696603,0.01688779875620999,0.8151761561748311,0.0
-0.159092895405809,0.7582148509525483,0.3885664195189606,1.5843986489661024,0.01748408071970212,0.8105457156068158,0.0
-0.15240802307830736,0.7585238468830282,0.38569100501964937,1.585107990742033,0.01700941054831545,0.8073019491603792,0.0
-0.1636994752391171,0.7647980801805958,0.40783252762271804,1.585623668878051,0.01814375824829566,0.8007858103483133,0.0
-0.15071375236372986,0.7664535823549395,0.40433700579259935,1.5878718130395906,0.017331469483996637,0.7940016001955407,0.0
-0.17036356804189193,0.7785835874715993,0.4415740971191455,1.592538038589884,0.020273462260087794,0.792695258076684,0.0
-0.1662436063988935,0.7810520090264296,0.4443039620632017,1.5938721338967283,0.01984062394692193,0.7874499508245967,0.0
-0.1736892160983208,0.7854837851240756,0.4579427731347442,1.5941116163865927,0.020435115245093914,0.7832064267672253,0.0
-0.17176444394051893,0.7882056159804717,0.46232147231249393,1.595343866023,0.020139410368015025,0.77860580498684,0.0
-0.17852894828995458,0.7937152537378864,0.4773361522396492,1.5961140227863642,0.02056194847224201,0.7730170950362649,0.0
-0.17504257464269213,0.7956574702353318,0.47920073788486867,1.5971772543341403,0.020340124717178533,0.7682393350405846,0.0
-0.18089069333485142,0.8021605645241314,0.4952879306853185,1.5982447339049726,0.021115308477395824,0.7604085299307675,0.0
-0.18501693862276297,0.8071649227206059,0.5070086175049974,1.5992548124698107,0.021132605739005317,0.7549603840726631,0.0
-0.18064729331382645,0.8088713276791315,0.5076400072278844,1.6005343445067848,0.020913338887987524,0.7503368521900063,0.0
-0.18376684575828764,0.8123386658437831,0.5158329591312965,1.600961286758857,0.02134925500869351,0.7459485061412537,0.0
-0.1881148931861633,0.8166227949382134,0.5260433241210949,1.6015416591935805,0.02152033394192807,0.741378130538889,0.0
-0.18480154181294725,0.817693662261385,0.5261077620269072,1.6023205984992126,0.02142405002780578,0.7376057700813811,0.0
-0.1883072064927217,0.8220595299004113,0.535845584443446,1.602978120058129,0.02170259726728108,0.7322711695093764,0.0
-0.18906063514418692,0.82484825279976,0.5411007178274814,1.6036908840207933,0.021702020207190816,0.7282861586658985,0.0
-0.18957961351148594,0.8274840976483652,0.5459041579393479,1.6044098531654154,0.021696491027712348,0.7244642542459814,0.0
-0.19038095357562723,0.8304684667655051,0.5513995878991819,1.6052210380463103,0.021695985971713176,0.7203850582197894,0.0
-0.19069429699046267,0.8332362610086524,0.5561944918376585,1.6060596936821938,0.021686179638319883,0.7164076827525079,0.0
-0.19171545589544234,0.8358956275646452,0.5611686873638305,1.6067273800175654,0.021688478177440174,0.7129798295710967,0.0
-0.1902596091040902,0.838409577468759,0.5644637359455749,1.6077788744607173,0.02166120279577672,0.7082653363030341,0.0
-0.1928446653530586,0.8417703612543561,0.5714381460018594,1.6082554452821782,0.021723292476247047,0.7042743689104546,0.0
-0.18945069825627517,0.8426174051105902,0.5709096352795423,1.609026304702965,0.021694116006336146,0.7004791333978276,0.0
-0.19125372966897403,0.8464467195384658,0.5781359910702044,1.609706104587335,0.021857395449007794,0.6950129612788144,0.0
-0.19459385955259564,0.8514462569353107,0.5879299172568342,1.6106411122209654,0.02190422842273964,0.6894195227709715,0.0
-0.18838999590113087,0.8506117685656537,0.5831288228308829,1.611427444615102,0.021860810129979008,0.6862380195050525,0.0
-0.1881844980400178,0.8533681334351702,0.5874075461464058,1.6119587028026734,0.02204333192453806,0.6805351175714709,0.0
-0.18656861226980753,0.8573683947328632,0.5927611352122444,1.6130832430211235,0.022272629616886076,0.6717240416325172,0.0
-0.18189623139182234,0.8585517572645678,0.5920985574001506,1.613496246150202,0.022401958221324094,0.6636583742160838,0.0
-0.1879127847742974,0.8653725106885424,0.6051483758665213,1.6169012195441423,0.022383051243291527,0.6656035456635389,0.0
-0.18621756348001345,0.8671984774665855,0.6070586311910287,1.6170943837293523,0.022393203949972195,0.6591077930208535,0.0
-0.18208769492808938,0.8675761932344864,0.6054468222961015,1.6171280898885882,0.022313422931423237,0.6524008440471929,0.0
-0.18533901420329302,0.872136115701903,0.6135612652063287,1.6195848880036763,0.022104061607216993,0.6535124211921248,0.0
-0.18186605782844115,0.8720488388437679,0.6116148534130048,1.6194361690978154,0.021969703817493257,0.6482332725302669,0.0
-0.18438879140178205,0.876314185137003,0.6188267164673803,1.621888074011004,0.02167191310532632,0.6491729339043933,0.0
-0.17950964601287875,0.8758138591432676,0.6155133500970386,1.6216599493923045,0.02142542700873723,0.642585498588896,0.0
-0.18582317284313601,0.8817108905698491,0.6272035195620073,1.6241750197876232,0.02102394501637145,0.6449342949473457,0.0
-0.18494654846173222,0.8824459996032095,0.6278809722361726,1.6239463237438838,0.020889544873269713,0.6409032497692468,0.0
-0.18311488223429626,0.8825589525734224,0.627126421792361,1.623663697643506,0.020690464058901938,0.636885069793349,0.0
-0.18090953398615092,0.8824960888097686,0.6257517423152735,1.623961273809553,0.020393890019177286,0.6348364663865917,0.0
-0.1823820944429225,0.8851622236283103,0.6301025559464518,1.6255704280370424,0.019932269381236926,0.6356691937892451,0.0
-0.18016158961810885,0.8851505836061132,0.6287628120885088,1.6260042666886512,0.019579452139657526,0.6339168580659971,0.0
-0.18204792325011768,0.8878684246836119,0.6334273141022264,1.6275225852261332,0.01909385614516251,0.6349244845446106,0.0
-0.1795982521265058,0.8873725846916176,0.6313724216509361,1.627476077787342,0.018758990737146274,0.6323636295292724,0.0
-0.18157138534583583,0.8897332096695203,0.6356219811601302,1.628688169382097,0.018308435263607818,0.633385921171181,0.0
-0.1792413011713964,0.8892229626175367,0.6336041598020705,1.628669460830254,0.01794067399374123,0.6311232646970563,0.0
-0.1809244057923678,0.8910450072721555,0.636975467702052,1.6295585200829046,0.017554987760714007,0.6320073673704044,0.0
-0.17967044301653157,0.8909165998944159,0.6360376850195918,1.629809215885303,0.01725301079169076,0.6313279728518575,0.0
-0.18004073925049074,0.8916597328026881,0.6372008869158544,1.6303116202513588,0.016978390118493378,0.6317139990545725,0.0
-0.17974091820711005,0.8920819571808032,0.6375269923729623,1.630816835312042,0.01666430064268111,0.6319390991452117,0.0
-0.17969139143816365,0.8925492030162224,0.638071004315473,1.63126126133464,0.01638328978930879,0.632209403035637,0.0
-0.1795536711583126,0.892933625941334,0.6384536200896053,1.6316742069086456,0.0161058750805798,0.6324515304985817,0.0
-0.17945070430308285,0.893323152151053,0.638864055534813,1.6320814073031789,0.015822342407748952,0.6327123329405918,0.0
-0.17924572178110645,0.8939362443790827,0.6394815227936119,1.6327432784123928,0.015356819228843254,0.6331304180582235,0.0
-0.17910514711768394,0.894599554481223,0.6401972791282756,1.6334435475285694,0.014818353249880924,0.6336503351759133,0.0
-0.17896550517109633,0.8949306445788574,0.640501300802917,1.6338517376355328,0.014438388173007206,0.6340119993208019,0.0
-0.1789022818070314,0.8952588875537968,0.6408493856341422,1.6342329157271502,0.014054971591755104,0.6344027780154645,0.0
-0.17877238621133676,0.8955307175688575,0.6410802217113248,1.6346076218631074,0.013632219239567587,0.6348172877514469,0.0
-0.17874232862619951,0.8957688882038155,0.6413343416111807,1.6349100304499875,0.013252231513860971,0.6352178314027529,0.0
-0.17863829985001034,0.8959135118397957,0.641423095361753,1.6351668006839035,0.012878543836351026,0.6355896228791522,0.0
-0.17862945667466978,0.8960628723959284,0.64157994367052,1.6353859772653188,0.012530811152671371,0.6359622774137451,0.0
-0.17854258187245706,0.8961431260271275,0.6415972170505495,1.6355897947960314,0.012152876841617154,0.6363430153718297,0.0
-0.17854632363965917,0.8962358619208609,0.6416901853776392,1.635761036655496,0.011807616754950552,0.6367149105487165,0.0
-0.17847044718985958,0.8962602472952049,0.6416437373506372,1.6359173537432612,0.011433143197435372,0.6370919090811916,0.0
-0.17848423108818742,0.8963111499393374,0.6416913373186097,1.6360478307221709,0.011104212965272553,0.6374452218771873,0.0
-0.17842621165297187,0.8963031145036052,0.6416208116837815,1.6361512517381955,0.010800559407505171,0.6377471008777038,0.0
-0.1784325869036232,0.896327871112596,0.6416299107185929,1.6362667528826407,0.010459686677520511,0.6381050778306765,0.0
-0.17838178856657738,0.8963122491783132,0.6415552880192261,1.6363581368175344,0.010163459050907781,0.638395313378926,0.0
-0.17838252748038427,0.8963335461716426,0.641551190875862,1.6364927150154376,0.009746147180928338,0.6388220575089256,0.0
-0.17832386423976157,0.8963080964623494,0.6414573737415833,1.6365859223920238,0.009419588490891912,0.6391327899838171,0.0
-0.17835931691012658,0.8963174965847238,0.6414619937287656,1.6366917224396005,0.009020336729381668,0.6395423685084276,0.0
-0.17828852981443535,0.8962452330539122,0.6413025113897642,1.6367477903392116,0.008709554988599164,0.6398263978660063,0.0
-0.17834811340401283,0.8962303369241877,0.6412998890715367,1.636794747593237,0.008419868019917516,0.6401277554803325,0.0
-0.178308226805604,0.8961011342621519,0.6410858184913724,1.636802313606078,0.008086239853679407,0.6404387983948739,0.0
-0.17839248715091857,0.8960088520889555,0.6409981801851435,1.6367891667140806,0.007768151416001361,0.6407705742260228,0.0
-0.1783597487575266,0.8958471017658849,0.6407531545617926,1.636746605139907,0.007514617979304229,0.6410003570900431,0.0
-0.17846206398557762,0.8956874660875158,0.6405929207134692,1.636668637141662,0.007221953893370414,0.6413083755856793,0.0
-0.17846186540917056,0.8954356478841394,0.6402522254913975,1.6365506538937924,0.006951500057100836,0.6415600339910683,0.0
-0.17854118250567763,0.8952578648318555,0.6400598988515558,1.6364456201809015,0.006734737175593458,0.6417836782610777,0.0
-0.17861541652833307,0.8949533078471741,0.6396989464925679,1.6362596343358782,0.006469909942279662,0.6420489835751414,0.0
-0.17869994475867357,0.8946337770940603,0.6393266771445969,1.6360528406244508,0.0062250494637357085,0.6422958183996662,0.0
-0.1788680345154684,0.8941312157778061,0.6387677314048428,1.6356972761274462,0.0059117200374437144,0.642629919715819,0.0
-0.17892847853586982,0.8936830358966102,0.638215933583201,1.6353984812253404,0.005674093137164121,0.6428542808729979,0.0
-0.17913898827423452,0.8931639472237298,0.6376650772797487,1.6350015989241766,0.005406412190627835,0.6431499367499394,0.0
-0.17924627916824487,0.8925252404292526,0.6368964050458911,1.6345466893662095,0.005148810822111713,0.643398069515976,0.0
-0.17946727649561597,0.8919203892809859,0.6362427717164288,1.6340735322023987,0.00490413743750278,0.6436657402534409,0.0
-0.17968459100740244,0.8910480332094207,0.6352399731486946,1.633408657937319,0.004622604648284847,0.6439574508328667,0.0
-0.17987928937611655,0.8902989001224286,0.6343836598543882,1.6328298233219223,0.004390478896745694,0.6441917888639528,0.0
-0.18064746577764385,0.8885482436318641,0.6325816515994511,1.6313499253273887,0.003967464047431416,0.6447632156705956,0.0
-0.18043515893436587,0.8872220422618698,0.6307946853718165,1.6301784341635768,0.0037288960341757826,0.6437991756833283,0.0
-0.18137964393570047,0.886458670392224,0.6303814492771093,1.6293375107630466,0.0034563585044899967,0.644271365904233,0.0
-0.18111628766184895,0.8846447175089749,0.6279673146629812,1.6276445023755894,0.003189475933026752,0.6426725573480105,0.0
-0.1831779036945676,0.8832486698439503,0.6274158799667677,1.6259849647244589,0.0027716040016749093,0.643587455832796,0.0
-0.1820530724924366,0.8805183753514054,0.6234311130965797,1.6232044448639185,0.0025126238646393695,0.6392535828644982,0.0
-0.18405997571868205,0.8799598673815129,0.6239338888558871,1.622176268817617,0.00218077418047625,0.6400649840137516,0.0
-0.1830382668429653,0.8772056809735141,0.6199336936858816,1.619440176570696,0.001885781909760974,0.6361246366777465,0.0
-0.18557910687383605,0.8764974680374423,0.6205626964654803,1.6181412201941656,0.0014833615073184482,0.6371305652401424,0.0
-0.18521179022434642,0.8744023790002969,0.6177781332559305,1.615837977905071,0.0012292250614450633,0.6339475397798012,0.0
-0.1856920686420809,0.8719268553622802,0.6149129771433202,1.6133322588202395,0.0007983380888382506,0.6323133464661428,0.0
-0.18660627464442855,0.8698971259464469,0.6128367391449482,1.611259932953631,0.00037045224344034884,0.6316640192429658,0.0
-0.18684020612673535,0.8679000695008637,0.6104296097559927,1.609199359635289,1.8762943304355547e-05,0.6299725796859886,0.0
-0.18780205681754897,0.8659772626892372,0.6085052406747875,1.6071962469711982,-0.0003984658235944056,0.6293349939553137,0.0
-0.18841697384852701,0.8628105004037622,0.6048082832580075,1.603852980139748,-0.0009144475800528106,0.6267195769015373,0.0
-0.18955573801412307,0.8602994604550692,0.6022113243325433,1.6011765798762212,-0.0014316436182889327,0.6254707534454846,0.0
-0.1899672813973703,0.8573250741753027,0.5986140122449078,1.5979798889178032,-0.0019370662358640153,0.622556393024129,0.0
-0.19143422842647875,0.8545525062034063,0.5958904713153508,1.5947175018044037,-0.0025314685821915136,0.620327869311257,0.0
-0.1924739566199606,0.8531550127205798,0.5947586956097108,1.5926951031049505,-0.0028651448901726223,0.61823907566412,0.0
-0.19667836030639502,0.850141803226571,0.593507555718162,1.5877690766853056,-0.0035026923421254377,0.6143654673650355,0.0
-0.20276758696808855,0.8502748517795605,0.5976495244840273,1.5850214931249702,-0.003622019434671577,0.6123533012443725,0.0
-0.1927751735409427,0.8410728350619063,0.5786826710558209,1.5817554769566509,-0.0033359041882271485,0.6113994981708971,0.0
-0.19493997553977985,0.8381442079200666,0.5760206435356324,1.5779049907406577,-0.004104401461099219,0.6084135660469219,0.0
-0.1984826489073168,0.8363832094340482,0.5758576463216714,1.5745612908449127,-0.0046313430977475145,0.6057902951651509,0.0
-0.20642029276770643,0.836223056454046,0.5806977924722272,1.570992118774202,-0.004805701538109284,0.6036591682713452,0.0
-0.1913836253102842,0.8247223318480452,0.554858305749628,1.5678340843490615,-0.0043293021936942145,0.6033536121320384,0.0
-0.1971816313325596,0.824489503510575,0.5579466267104737,1.5660746510810302,-0.005116222520483005,0.6050701922540478,0.0
-0.20773279708641437,0.8237480021574433,0.5634802773329951,1.5611537187498759,-0.005526545249832022,0.6026135769987784,0.0
-0.18843938260169735,0.8109865137616831,0.5325511547599098,1.5583377767933506,-0.004965018383769463,0.6026625480157477,0.0
-0.19763529396464727,0.8120208605171105,0.5395877140975779,1.556748418549276,-0.005836293574434475,0.6052619611218414,0.0
-0.20954990782228336,0.8122172439614196,0.54724243450575,1.5523567289836522,-0.006010014082767868,0.6032526885394505,0.0
-0.19198375933825476,0.8007334288128191,0.5186686162707049,1.549624906816187,-0.005444820115739481,0.6034000925184176,0.0
-0.19782725604501228,0.8000398206905616,0.5211382783038476,1.5466960185413663,-0.0059897931509170135,0.6016225009927376,0.0
-0.20607832266849035,0.7993882032536598,0.5250789899684645,1.5432849643662954,-0.005882412164082251,0.6005808382300453,0.0
-0.1895580023765185,0.7889979010516867,0.4981066053112706,1.5406742797340054,-0.0053233764130388465,0.6007350173550104,0.0
-0.19663140858951986,0.7884117088270557,0.5014504438760361,1.537583603847368,-0.005858254026795529,0.599024764900949,0.0
-0.19889843138235222,0.7848422268365698,0.49668798838986483,1.5339607340317019,-0.005583995506192929,0.5983093952945917,0.0
-0.18918033767185966,0.777906612915353,0.47876660521785597,1.531540436661604,-0.0051076440467824604,0.598382806728008,0.0
-0.2029051393872696,0.7789949490356569,0.48906581193501386,1.5282221080963714,-0.005134699235537908,0.5973630818994042,0.0
-0.18679271244732865,0.7693156367515694,0.4621752818579455,1.5255530367921897,-0.00448880591258732,0.5976316918772511,0.0
-0.19541031195074954,0.7693637968768613,0.467416504114193,1.523039795993489,-0.004381758271172785,0.5969089566420961,0.0
-0.17974003915061293,0.7603804667741999,0.44119793645295946,1.5204226037264732,-0.003746485291370262,0.5970783793667248,0.0
-0.1932252394811779,0.7610712121618327,0.4506552336262097,1.5171506770247265,-0.0039111538642433,0.5959083932188562,0.0
-0.17766583392923915,0.752516492406819,0.42459584700476705,1.514591060893448,-0.0032695022266940365,0.5959692885189944,0.0
-0.1880072705200995,0.752162230255758,0.4299702983049748,1.5115213289298246,-0.0031200159778436813,0.5951024293223104,0.0
-0.1739896534640027,0.7449313095199079,0.4066607209067703,1.5093204617766478,-0.0025377376060564494,0.5950367521268819,0.0
-0.17855993044225285,0.7427482314289532,0.4045479352053841,1.5063256049032914,-0.0022597075291568352,0.5943083924674855,0.0
-0.1636064349696213,0.7354134057855136,0.379456504829819,1.503958300475112,-0.0016246327351256075,0.594153618616893,0.0
-0.17958868664359845,0.7362926299901933,0.3910028223055746,1.5009117683691175,-0.0016505209629095606,0.5929940499030975,0.0
-0.16051801288415687,0.7269146916689384,0.3579844759026067,1.4977147466623697,-0.0008009234060220133,0.5927350024055061,0.0
-0.1604729773309453,0.72394845676453,0.3502441530795958,1.4951142310681902,-0.00042037613075588385,0.5919578556813029,0.0
-0.1427700243845807,0.7153047312874509,0.31719052581383556,1.4915341007002432,0.0004846947275928469,0.5914081008213681,0.0
-0.16050272685584768,0.7166268198350811,0.3312440360009559,1.4890428119305974,-9.281695051424686e-05,0.5898539677201968,0.0
-0.14708270141365795,0.711561911744496,0.30904220235995034,1.487323338535581,0.0005098038274012039,0.5893427782977054,0.0
-0.14656654789768747,0.7094908928151358,0.30228383265471476,1.4855383708760204,0.0008427210930233324,0.5885588780004178,0.0
-0.1374750046513706,0.7037711037849581,0.27901892402783496,1.482302068925429,0.0017530080889342015,0.5877344630991058,0.0
-0.1346468969621862,0.7012419997979562,0.2683326572604268,1.4808994346211142,0.002624644563443147,0.5883080784193216,0.0
-0.12171492854926072,0.6967546094276278,0.24453938168582173,1.4794409111730555,0.0037876396090975664,0.5890906885697909,0.0
-0.12217792882018567,0.6951756976031201,0.2381273668123714,1.4782737772405348,0.00453507570734204,0.5895699753765892,0.0
-0.1085967763486553,0.6909369986812267,0.2126772754809701,1.476878343509953,0.00575990516078179,0.5903546427095686,0.0
-0.10064958341893766,0.6881508017459345,0.19477139743131594,1.4757330586944202,0.006794243386470925,0.5909942922376997,0.0
-0.09159877116454317,0.6855187272216676,0.17572901045016054,1.4747389058635945,0.007828680626731881,0.5916056073097055,0.0
-0.08577150959307381,0.6837068417032305,0.16156564327355294,1.473975808914833,0.008700708513580456,0.5921011692074704,0.0
-0.0749769848298146,0.6814310182470468,0.14073104377375892,1.4732395742776672,0.009728356436761303,0.5926546890054115,0.0
-0.07262697420589015,0.68011471028318,0.12893452380539933,1.4725301652412766,0.010654727294844896,0.5931853196293234,0.0
-0.06409865072211844,0.6788964070599316,0.11386751725515493,1.472240217042328,0.011361812961403893,0.5934992730600057,0.0
-0.04861700672695072,0.6766616411613193,0.08361522310256835,1.471608423810323,0.012748952623109811,0.5941619656571672,0.0
-0.04554894922456845,0.6761068435925358,0.07264374125094968,1.4714160321076668,0.013551545069654272,0.5945491351549365,0.0
-0.034642329372084835,0.6753217449310509,0.05286509279044174,1.4713263475237695,0.01446047809944417,0.5948935935455035,0.0
-0.029080359232774217,0.674957324859015,0.038403432508423534,1.4713205310130164,0.015334758525806215,0.5952649418527038,0.0
-0.017100507154333935,0.6746143415697482,0.01618245023181056,1.4714292366726944,0.01634202406309712,0.5956017312007535,0.0
-0.01411773684051999,0.6747454331402941,0.002444404458078246,1.471725450703583,0.01733052628780584,0.5960119664656246,0.0
-0.004826867962440459,0.6749369519729617,-0.014074676365350265,1.4720064877257515,0.018077923036017206,0.5962072208191158,0.0
0.006359967934853463,0.6754145980372516,-0.0346462095392875,1.4724414094228007,0.01899952703084778,0.5964355956462554,0.0
0.010415712346087154,0.6759953490766261,-0.046162174424953135,1.4729484905540866,0.019728159722806865,0.5966794493591544,0.0
0.022310332541179298,0.6770370393994561,-0.06839541678832431,1.473639455324739,0.020713298239394932,0.5968708827433477,0.0
0.024815523506828224,0.677908209626807,-0.07828181433977065,1.4743627045560035,0.021421436882448616,0.59710534428577,0.0
0.03614187469864562,0.6793948543609531,-0.09931099550588948,1.4752250181647881,0.022347242656869656,0.5972339013208817,0.0
0.04170958813722348,0.6807965819306524,-0.11318901356550662,1.476174503000276,0.02313549426560097,0.5974097225160868,0.0
0.05272229748426652,0.6827764320690104,-0.13368302670683518,1.4772246761490406,0.024036348210005595,0.597495644066055,0.0
0.053172021729634415,0.6842052287173473,-0.14187530950578317,1.4784540256921777,0.024752270945575163,0.5977236050867855,0.0
0.06473544900252304,0.6867498259169896,-0.1633638707333292,1.4797585701805256,0.02568485008247012,0.5977476068927368,0.0
0.07612201589647528,0.6898114281813634,-0.18554792957596972,1.4813368584652873,0.026680864831177,0.5977681201294428,0.0
0.07745794764469281,0.6918281770007552,-0.19482350905535212,1.48291796801691,0.027418999407087686,0.5979594521638654,0.0
0.09027787516942644,0.6956451345451938,-0.2188090366498691,1.4847533286298253,0.028448833341147235,0.5978961231597228,0.0
0.09558989568322662,0.698197192227091,-0.23152669020892347,1.4862412625549588,0.029162458083703865,0.5979807406804128,0.0
0.10311613370968713,0.7014239285984492,-0.24762286494684596,1.487953494787901,0.02997003837326989,0.5980037256606934,0.0
0.10741728062034929,0.7041303479601848,-0.25920804397004543,1.489605873282691,0.030663264625636993,0.598091751225799,0.0
0.11703980979325049,0.7082543002355218,-0.27839586859631754,1.4916032389786171,0.031547957818947786,0.5980323179329895,0.0
0.11786932678403063,0.7117832492249506,-0.2892051515313633,1.4943593165423608,0.032428880883957796,0.5981909893936813,0.0
0.13435354804066807,0.7192288114867471,-0.3208936103024799,1.4977342207715412,0.03375889724499435,0.5978492198317086,0.0
0.1402981201798459,0.723506179943294,-0.33547461713634164,1.5000801757796276,0.0345917588628928,0.5979122405063994,0.0
0.14784204643010715,0.729057479426676,-0.35380124637869426,1.5030619154493854,0.03558700662364815,0.5978992074118815,0.0
0.15413940180441005,0.7336738809949716,-0.3684813363323502,1.5054612447614433,0.036397284177602886,0.5979448643139081,0.0
0.14949798060215105,0.7365989409378942,-0.37194249742694335,1.508779176011382,0.037156993869428445,0.5983652736781492,0.0
0.16299952935517956,0.7437524496106044,-0.3963436163602235,1.5115770713665138,0.038174014307147605,0.5980988896363439,0.0
0.1531347953813712,0.7427952304761284,-0.387928707434642,1.5131627003500465,0.038388739023608794,0.5987258724480149,0.0
0.1615875765543323,0.7472185909538654,-0.4026147001614688,1.5147654934735928,0.03899989560496867,0.5986004103052666,0.0
0.15940374442603672,0.7484439562942602,-0.4036226331524232,1.5162819840939101,0.039348025225277396,0.5988895547181362,0.0
0.164451294009474,0.752201799776016,-0.41442139064831024,1.5180681221014207,0.0399073622103461,0.5988788359139492,0.0
0.1604000660806771,0.7531387199645135,-0.4136029573307572,1.519843116093918,0.04025639930713839,0.5992456077589393,0.0
0.16813248052320487,0.7576771031162933,-0.42749986008211305,1.5215429298609515,0.040839161351961355,0.5990944165914915,0.0
0.16057642534550132,0.7575561565678259,-0.4223538293477669,1.5234285016145452,0.0411200688116225,0.5996182518598349,0.0
0.16960930787194403,0.7629251813790279,-0.4384819846275079,1.5253979980214876,0.04177393258400443,0.5993891009342144,0.0
0.16372059390489643,0.7633182507141774,-0.43535965349234695,1.5273061538531387,0.0420840394006841,0.5998459608457327,0.0
0.1721337796754718,0.7684379701048218,-0.4503009777754395,1.5291408791572498,0.04268655364194275,0.5996299913623191,0.0
0.16392573293378998,0.7684360769446456,-0.44494362031547924,1.5314334736563227,0.04301182599709731,0.6002175184790125,0.0
0.17281109940161643,0.7739810458787387,-0.4607326507096564,1.5334088035380689,0.04364350242314961,0.5999677529422246,0.0
0.16855142402885537,0.7751189871747751,-0.45991996306480115,1.5355430217201245,0.044015276874638395,0.600378675562878,0.0
0.17807947376843877,0.781310057211855,-0.47692977170961187,1.5377201255132005,0.04469318859775917,0.6000980235345641,0.0
0.16629562366200726,0.7795356410645911,-0.4662461206338363,1.5398762959306498,0.04489423980657934,0.6009312619501692,0.0
0.17614585016029388,0.7860012717855596,-0.48373939114493547,1.5421203666490924,0.04558336237572256,0.6006215861004208,0.0
0.17293536406125673,0.7875493637686606,-0.4841621452893554,1.5443306288592817,0.04597900811765451,0.6010259509318242,0.0
0.18072198633616768,0.7934678431527766,-0.4990011450874062,1.5466104883931067,0.04662669561703573,0.6008417000489795,0.0
0.16934027705501423,0.7920687461850131,-0.4892986016789416,1.5491665464274533,0.04689887798457801,0.6017528313437176,0.0
0.17868206363047906,0.7983345506836569,-0.5055908607881175,1.5512081166552885,0.047531247979691375,0.6014768047406625,0.0
0.1772541075567361,0.8009116533010484,-0.5086821095364519,1.5537079039814299,0.048009480098010184,0.6018510629455553,0.0
0.18033795477424494,0.8038237905467499,-0.5152461322243017,1.555005385269755,0.048360204581996115,0.6018976404171132,0.0
0.1788271868090389,0.8049173498290396,-0.5159322616431734,1.556399741952144,0.04862407859007967,0.6022212801078758,0.0
0.18093137945222132,0.8079278216412309,-0.5219507607498173,1.5580863644246608,0.04902281018411737,0.6023597795810909,0.0
0.17919861082729674,0.8100944823633547,-0.5241214054988009,1.5604126930869524,0.049451379452759056,0.6027819842464633,0.0
0.18338453379843422,0.8146722483633932,-0.5338272444777744,1.5626033319062356,0.04998630718199482,0.6028514293964168,0.0
0.1769535232159734,0.8147627422762354,-0.5297499348331539,1.564995812574827,0.050320714722028814,0.6036210761183642,0.0
0.18582728946726246,0.8209694296378536,-0.5449034346437241,1.5668029781927786,0.05088844950436471,0.6033932146117418,0.0
0.1748507578790375,0.8187905281043302,-0.5345131219696238,1.5691464992499358,0.05111002469323253,0.6045062518966974,0.0
0.18562539805175082,0.8264599440390443,-0.5529834661230973,1.5713763982504694,0.05179108584102237,0.6042022987071025,0.0
0.17573534805970456,0.8249247770008092,-0.5442416213548186,1.573903410597278,0.0520704097188777,0.6053308412901431,0.0
0.18545379211699414,0.8317980050494937,-0.5606382921759312,1.575781761779598,0.05266713300448949,0.6050958946865606,0.0
0.1793437762957459,0.8310829536776058,-0.5555648931834359,1.5775951983927279,0.05290115884610155,0.6059372744869516,0.0
0.18776504652930617,0.8371857164673503,-0.5698103763382801,1.5792384852876018,0.05342540443501238,0.6057776943332877,0.0
0.17589656152788594,0.8334899513859423,-0.5568308760047568,1.5809191637305562,0.053527292132858,0.6066110213858465,0.0
0.18594689761895256,0.8406821427738894,-0.5736642945367395,1.5827834784127197,0.05412602229300365,0.6063818254443751,0.0
0.1766781827552581,0.8388711041495658,-0.5649833699613487,1.5850817209554113,0.05437779794593814,0.6076129433230364,0.0
0.18585947907781455,0.8453939123945422,-0.5801640451486847,1.5866750447184614,0.05490865178822185,0.6074365060484115,0.0
0.17638223903402694,0.8433156797699324,-0.5710005393369112,1.5889317966349483,0.0551493815134115,0.6087473063942037,0.0
0.18804752503517655,0.851711659188054,-0.5903276234937725,1.5909608846398058,0.055810853319215266,0.6085114856517503,0.0
0.17025538773171311,0.8453192193078485,-0.5699477104263747,1.5931330336140592,0.055832453006648804,0.6095581441163952,0.0
0.18009349073927594,0.8521758281276521,-0.5859093203171035,1.594672755787686,0.05637302187967765,0.6093997637611861,0.0
0.18646006744791743,0.8579101837778574,-0.5977894545732628,1.5965899718882366,0.05691286425365043,0.6096241179647575,0.0
0.17123726516514015,0.8524151034860309,-0.5803560553244341,1.598595237982107,0.05704240854751318,0.6107278439382213,0.0
0.18120117739024322,0.8593257396842556,-0.5963206455232829,1.6000235111817491,0.057571595367269475,0.6106065711015869,0.0
0.18225547921697088,0.8619612586660992,-0.6004263503149944,1.6017136313790215,0.05795921810966011,0.6112637975585687,0.0
0.1796992755623968,0.862505021948574,-0.5993684364175387,1.6033314061303487,0.058252593000878504,0.6122013761947843,0.0
0.18282632042426983,0.8657999994185799,-0.605751129700238,1.6046755206884842,0.05861630325497691,0.6126387846478526,0.0
0.1769546909629556,0.86466415040639,-0.6002972673597262,1.606479187034289,0.058872718035635874,0.6139625857765544,0.0
0.18498491770770537,0.8702883130670859,-0.613041996872593,1.6075447653634853,0.05928440976367526,0.6139710942260929,0.0
0.16982241102689966,0.8638818543263628,-0.5946449286390781,1.6091330057077298,0.059350697071504595,0.6150891045761904,0.0
0.17952345329760633,0.8704312094584026,-0.6097808187545503,1.6102638895103674,0.05981244676649949,0.6150403494285364,0.0
0.1803975577391125,0.8725467603855379,-0.6130319963818411,1.611665448875861,0.060143295061626155,0.6158204880044592,0.0
0.17783289022074533,0.8731117930598344,-0.6119672442956942,1.613426557187977,0.06047255775425567,0.6170834446593508,0.0
0.18018980959367448,0.875224742441948,-0.6162447204038742,1.6141409200331573,0.060690532168479173,0.6174389751772427,0.0
0.17680994512364198,0.8752541269569768,-0.613957221472221,1.615900276008051,0.06100278107581265,0.6188561104477489,0.0
0.18262257329978768,0.8798834772871905,-0.623780971246035,1.6171284762088765,0.06140059071993553,0.6193438682583217,0.0
0.16545764298752236,0.872133026346028,-0.6024372667773634,1.6188212870479812,0.061506455765004076,0.6207636313884035,0.0
0.17597685802688137,0.8789147905639257,-0.6183391882615926,1.619731210649697,0.061937576087605285,0.6207933371844787,0.0
0.18387280972365455,0.8848678049670253,-0.6311574913239723,1.6210377738453698,0.062404198294818525,0.6213528381961125,0.0
0.16650595280794941,0.8763175053814162,-0.6087539866933018,1.6221889133472867,0.0622865338274173,0.6222702415444709,0.0
0.1774069739727314,0.8832917809941528,-0.6250444733688145,1.6229940191604837,0.06271341042808451,0.622345732314101,0.0
0.17793683293581974,0.8846986219070475,-0.6270571655009067,1.6240417503721327,0.06298378138711641,0.6234032611146472,0.0
0.17598665366582028,0.884856247207741,-0.6258162001667209,1.6253216706347566,0.06325442674280575,0.6249011792837518,0.0
0.17904381231484148,0.8876599319560077,-0.6313202910537489,1.626364517442952,0.06357220401109463,0.6259029497510217,0.0
0.17012279288076723,0.8837513375496738,-0.6203214197520734,1.6276824244751322,0.06374817416529001,0.6277155475264841,0.0
0.18096318694686928,0.8905238295644115,-0.6362076027465687,1.6282735857448545,0.06411094726955681,0.6278600963945669,0.0
0.16330729861441168,0.8813348658420503,-0.6128232673699706,1.629308506941407,0.06410790421775965,0.6292160170937106,0.0
0.17058663596848123,0.8857511041593149,-0.6233665901178302,1.629641159857613,0.06433983333245913,0.6293235207851688,0.0
0.18260887314495583,0.8932332267005693,-0.6408597323636698,1.6302011285386495,0.0647222460843378,0.6295115194952855,0.0
0.16988040211517727,0.8863130728275624,-0.623710056833339,1.6304649848874868,0.06458764153720259,0.629394972179706,0.0
0.18195833122206398,0.8937637089413469,-0.6411793793591337,1.630961445656096,0.06496918846020718,0.6296047806520545,0.0
0.16398403692015256,0.8840416831084001,-0.6169449056813984,1.6317347630581003,0.0648216409122907,0.6307668778113898,0.0
0.1752861679768545,0.8908337913109318,-0.6331358544620765,1.6321217843811793,0.06516266494137946,0.6309754036223073,0.0
0.17616962692732177,0.891973846072916,-0.6349669895997514,1.6328513656732644,0.06538737913474105,0.6322988122043258,0.0
0.17238042283929142,0.8908568517073326,-0.6307176169133668,1.6342844247803403,0.065703445375475,0.6351736684571189,0.0
0.1860620058212979,0.8993665237523233,-0.6504425076931217,1.6350571951083501,0.06617162068024175,0.6363603593923646,0.0
0.16134406812751872,0.8849893000361972,-0.6162613615034861,1.6349840052202158,0.06593689537534896,0.6355049266853651,0.0
0.17541250462857017,0.8931295754454551,-0.6360147074125155,1.6352285693291846,0.06629597642011045,0.6358292088455113,0.0
0.17414110944866715,0.8929147833096974,-0.6346067976747655,1.6360133282554854,0.06650698758296211,0.6378396593234834,0.0
0.1773995738263785,0.8953204768805552,-0.6395074177375512,1.6368621426554868,0.06681429047847676,0.6400377499385189,0.0
0.16814029072744205,0.8902109181249559,-0.6267880438554094,1.6374605034014702,0.06688138359235313,0.6416915643604042,0.0
0.18727168221291352,0.9012294976294712,-0.6534706942641547,1.6376684280860818,0.06726236032423712,0.6421849219950516,0.0
0.15570039623016255,0.8824447533596582,-0.6092988009267364,1.6373333414554596,0.06702165757940749,0.64117020449305,0.0
0.17274967608817215,0.8920728410798815,-0.6329695340288011,1.6374667294575116,0.06736961158874312,0.6415771962637461,0.0
0.18220244777065964,0.8979766526435109,-0.6463118939348268,1.6379459944795722,0.06766901941309883,0.6430154788492891,0.0
0.16597545223045104,0.8885319218521827,-0.623668358332077,1.6377586727138655,0.06755016916158864,0.6424809291290716,0.0
0.17668803627430205,0.8947219938945792,-0.6385862985009829,1.6378457112489895,0.06775623494943832,0.6427523178852357,0.0
0.1686607076246804,0.8904834303407028,-0.6275933454235182,1.6386477261700554,0.06786646994808171,0.6451450964507172,0.0
0.18550271025383158,0.9002044483358592,-0.6510149281755627,1.6387643490467239,0.06815067086132894,0.6455821927538166,0.0
0.16269320033370638,0.8866787656611572,-0.6190377043126848,1.6384619495356882,0.06800280995652842,0.6448494377351727,0.0
0.17751458178947765,0.895090559371666,-0.6395516127725637,1.638522443030317,0.06825637900284177,0.6452297001631705,0.0
0.1635725827755714,0.8873415196453648,-0.620177435727039,1.6392596054136426,0.0683298293499344,0.6476942722960802,0.0
0.1793488473874669,0.89618879328473,-0.6418933301674884,1.639264497137279,0.06855963934744531,0.6481190312659922,0.0
0.15867511184949212,0.8842938455004546,-0.6129525400861817,1.6397708389385652,0.0685388007793789,0.6501084977765174,0.0
0.17511380453791672,0.8932775197605495,-0.6353878743724798,1.6396897387425633,0.06874299245936064,0.6505630066311133,0.0
0.17335392782245368,0.8923979854928689,-0.632717893571569,1.6402690047535966,0.06885072238431983,0.6530246732025538,0.0
0.17774137524999697,0.8948371824703355,-0.6384360602966345,1.6405742384689461,0.06896429382173773,0.6548574268665489,0.0
0.16178343330924455,0.8854752112095997,-0.6157891969323682,1.641025352693112,0.06898892222685683,0.6571867410939912,0.0
0.17608109426896704,0.8930263471573617,-0.6349949240331143,1.6408072386137875,0.06907841557793662,0.6576416592058014,0.0
0.1700178075469458,0.889336678641443,-0.6259459334765366,1.6413493099388345,0.06912241325758797,0.6606498722807556,0.0
0.18321585841989105,0.8963468818547956,-0.6435778980657315,1.6410810203396262,0.06916610033916078,0.6611119668092871,0.0
0.1682004062780941,0.8871029139533578,-0.6219920691917914,1.6405456694834868,0.06914781577704919,0.6606700362362437,0.0
0.18239352719019708,0.894462124646136,-0.640750284742983,1.6401612544035926,0.06919419455548571,0.6612000971195446,0.0
0.1606387067687094,0.880941778881213,-0.609202471970488,1.6392046826624138,0.06916816396984302,0.6606051701249608,0.0
0.17862690709806572,0.8897991881967402,-0.6325520973519417,1.638532958186691,0.06922724524357297,0.6613253477917258,0.0
0.1633834958877954,0.8804395315077617,-0.6101315769409261,1.6385754753625732,0.06923729157796608,0.6640036617598376,0.0
0.1815514471720995,0.8891787316554627,-0.6334151060357468,1.6377611689341864,0.06924610018769459,0.6647916594979291,0.0
0.16253238928401698,0.8775039478159985,-0.60565888504437,1.6374805964796837,0.06924684539914694,0.6666157845810144,0.0
0.17960145220153936,0.8854765681936003,-0.6272595645215292,1.6365998839059401,0.06921912968170622,0.6673967624710707,0.0
0.16344032450011245,0.8752683880215044,-0.6030065057634427,1.6363288565325038,0.06921089334698097,0.6702409052390221,0.0
0.18294944073235708,0.8839838299648842,-0.6272220453949234,1.6351211484723849,0.06912362140862509,0.6712197060431989,0.0
0.15239357942729806,0.8643965084900281,-0.58129029658735,1.6338416143132972,0.06917506359999816,0.6742692439408081,0.0
0.17362979963094521,0.8732506588361738,-0.607113621551155,1.63232612613563,0.06901389902308555,0.675362931569021,0.0
0.1870340123654639,0.8792180915964551,-0.6234988624408885,1.6314340301498023,0.06889626915475648,0.676204308075742,0.0
0.1708876098983041,0.8689695545384742,-0.5993852718135511,1.630178526669124,0.06897104870292924,0.6758599717401691,0.0
0.18827933218248707,0.8762324324865124,-0.6202118574165729,1.6288143680647624,0.06882013606941227,0.6768679046577647,0.0
0.1768133258080507,0.8689357980384902,-0.6030237665592734,1.62789770102242,0.06887660410572871,0.6767165746014383,0.0
0.18295759995661848,0.8705317703333627,-0.608786005526494,1.6270072665428998,0.06877060780002202,0.6786649928280917,0.0
0.16473219987544585,0.8587351646305795,-0.5807187440323023,1.6261491035803113,0.06876248823427536,0.6818071489338005,0.0
0.18249215548594896,0.865319044928731,-0.601231036220343,1.6245107649398585,0.06853277071280749,0.6829278126963231,0.0
0.17046201152125917,0.8573699264160892,-0.582244118640772,1.623880137422323,0.0684891594576714,0.6857095905738824,0.0
0.17994879121667084,0.8609672078279491,-0.5932834495104478,1.6230751779679264,0.06833787265319742,0.686287522852276,0.0
0.1791540272510942,0.8596071820057205,-0.5906698803077182,1.6227153240855048,0.06826252655632717,0.687868736290404,0.0
0.17988205904117885,0.8589576096932146,-0.5900400811792756,1.622270350266998,0.06817079399502375,0.6892940751099175,0.0
0.1793305608237718,0.8573761623852332,-0.5872508646786774,1.6217419463408511,0.06806652920559475,0.6911933118722764,0.0
0.18001030500012416,0.8565070174257243,-0.5862830639889653,1.6212105361402371,0.06795538269021767,0.6927813984925751,0.0
0.17930966489759845,0.8549152075108574,-0.5834093704695043,1.620714001165304,0.06785022502673123,0.694541673235725,0.0
0.1798412213174938,0.8539421611828056,-0.5822116723894608,1.6201721912381872,0.067731373305441,0.6961120337040719,0.0
0.1793174139938414,0.85242042835811,-0.5795541436959283,1.619655184154811,0.06761710108734503,0.6978147631817354,0.0
0.179746145974612,0.8511556584014814,-0.5778562802014073,1.619002409883244,0.0674734083039419,0.6996169738466674,0.0
0.17924247298917712,0.8496428249930098,-0.5752212286628837,1.61847840758547,0.0673517150717183,0.7012744066847856,0.0
0.17955767673439244,0.8484951936760811,-0.5736331624196828,1.6179060306604156,0.06721519337966257,0.7028494685287315,0.0
0.17922181999198247,0.8468930823287876,-0.5709543004053239,1.6172900440876525,0.06707054705126954,0.7046395615897528,0.0
0.17942913567148505,0.8455232797960294,-0.5689534530178237,1.6166378407865913,0.06691271042034444,0.7063777617942221,0.0
0.17912774497746017,0.8437654050352004,-0.5660414101195781,1.6159330844782749,0.06674377799080637,0.7083164585492007,0.0
0.17929835407999922,0.8422701252034642,-0.5638104345665168,1.6152267574239312,0.06656686441088726,0.7101425248279631,0.0
0.17899455480947915,0.8404038787296303,-0.5607072295838139,1.6144645548722267,0.06637751178490567,0.7121658293639646,0.0
0.17911793074255722,0.8389766646760695,-0.558533806250901,1.6137983248861574,0.06619933757484474,0.7138753024523301,0.0
0.178881945712036,0.837169671232517,-0.5555381390575469,1.6130403524645733,0.06600093528281058,0.7158369754001883,0.0
0.17898914572998645,0.8352958165727105,-0.5526303741660347,1.612158029973441,0.06576925835068188,0.7179754356612067,0.0
0.1786155211342031,0.8329796482066776,-0.5487121930476183,1.6111813180463506,0.06551527986296564,0.7203830603421278,0.0
0.17890885285616648,0.8290097652786337,-0.542548521199361,1.6091796705438406,0.06506746588082471,0.7245151062667103,0.0
0.1760911113419335,0.8252740318430803,-0.5347593773446369,1.6081257979602577,0.0647801151208637,0.7275723043832018,0.0
0.18216553254252055,0.8236850823173124,-0.5358238718467075,1.6058591201370966,0.06414714309817508,0.7311820914013284,0.0
0.15708323012078135,0.806176170857675,-0.49209871832739444,1.6027585410161596,0.06431020337704427,0.7381173105471808,0.0
0.1762830971778562,0.8105485596718112,-0.5114063466439357,1.600548057717736,0.06333472899984283,0.7395759556651792,0.0
0.17172856802213657,0.8062097164315415,-0.5008214267924189,1.599465686335728,0.06295298610544348,0.7430321188994465,0.0
0.1783425488430321,0.8061164461414421,-0.5044049243534637,1.5979118344397845,0.06229124937149993,0.7453868999539383,0.0
0.16775975608774685,0.8000670517105385,-0.487254694256351,1.5972254397997894,0.06233002591671456,0.7481914710226518,0.0
0.1826915488995874,0.8024297526575828,-0.5003916332594619,1.5950793620892445,0.06136934298084451,0.7501485788873901,0.0
0.16624707932556212,0.7922317263465686,-0.47275791374102,1.5922858630438257,0.062219169768705763,0.7507600594672147,0.0
0.17869270275781393,0.7932246659701554,-0.48186411387902667,1.5900615457576592,0.061255148726969716,0.7532117997048595,0.0
0.16543957679014115,0.7855291743830222,-0.4599558213413355,1.587919364632894,0.061955896557948545,0.7534788281251523,0.0
0.17085108288818704,0.7841817930482751,-0.4603231926802597,1.5860611591899338,0.06118588082901503,0.7563350621415983,0.0
0.15259536551617092,0.7736335120158622,-0.42855615416143256,1.5842704282859918,0.061235818775017464,0.761815127226613,0.0
0.16822766048958135,0.7762186388954749,-0.4431766554214772,1.5825704357161239,0.06021990241034555,0.7630028893721637,0.0
0.15410142212773958,0.7688100094950645,-0.4193865006717089,1.5813160790217902,0.06043850646284854,0.7664420413478843,0.0
0.1705893857895598,0.7713427593428752,-0.4344693426327976,1.579513281674365,0.05933021621126669,0.7677223968468573,0.0
0.15467707958065058,0.7626572894408223,-0.40729155494222796,1.5765921282182287,0.06034447358364392,0.7675991532117998,0.0
0.1612227361520966,0.762052196335071,-0.40947545186621925,1.5750549226243686,0.059502873265255656,0.7697707298704423,0.0
0.14780652954264864,0.7555512690454784,-0.38672428199416703,1.5739121260861164,0.05966498644832893,0.7729329318981545,0.0
0.1617163673103207,0.7573010150796629,-0.39889435147658114,1.572446247591103,0.05864466939869638,0.7740785453749346,0.0
0.14434389836162687,0.7482890528072649,-0.36848923230197084,1.5690589567987805,0.05985147663935396,0.773604192041119,0.0
0.15647095015382637,0.7494966908562818,-0.37836179824431354,1.5677245146239578,0.058882680608294824,0.774817873594755,0.0
0.13952055499367086,0.7415187120307418,-0.3488420245712883,1.565482294544981,0.05987700087209119,0.7767233073286159,0.0
0.15431593213091782,0.7429335802782883,-0.36091623738402284,1.5639654472996027,0.05871297346506228,0.7780270331864616,0.0
0.1424664533359698,0.7377246271694953,-0.34088730421064944,1.5619537302462583,0.05954402687847995,0.7772852441163803,0.0
0.13642635439163642,0.7351837347254816,-0.3300065767009593,1.5615183893247493,0.05930856242795332,0.7790168175168485,0.0
0.13575370347157853,0.7338360764372773,-0.32546887994551876,1.5609119866627124,0.05887959300194104,0.7804233614799371,0.0
0.1311667181225071,0.7317222605484074,-0.3163819812203301,1.5604513007848482,0.058606500546610596,0.7819748257872408,0.0
0.12910534692325393,0.7299882227535648,-0.30972298044596946,1.5598223268938083,0.05818661947591758,0.7835384655054374,0.0
0.12492259581785121,0.7280259834444629,-0.30103918994437745,1.5593517090466014,0.05789417604135006,0.7850204308332684,0.0
0.12245670299637834,0.7263529956215126,-0.294099033366018,1.558792140360639,0.057509400798522736,0.786468184655375,0.0
0.11564496872793908,0.7226299641047108,-0.2777332642022652,1.5576498023509417,0.05691858060183585,0.7893179653393717,0.0
0.10614922941783841,0.7176737145511971,-0.25468699173061254,1.55607812331947,0.056146364741177734,0.7930698970753386,0.0
0.09546942034738136,0.7137573083030081,-0.233103772479322,1.5551365253483231,0.055554328361956076,0.7959803570610168,0.0
0.0947628534452253,0.7122347439123735,-0.22592476511655146,1.5543960731864848,0.05477741260884993,0.7976773091015184,0.0
0.07745921002934011,0.7079612845120901,-0.1969112333061536,1.5537717473826378,0.054460026479742386,0.8005124091796723,0.0
0.09142042949121447,0.70829051654078,-0.20621663250830322,1.552752536222698,0.052992568716027415,0.8016107353533023,0.0
0.08067661010130399,0.7055721955962486,-0.18674431882233947,1.5520429310617474,0.05469227742625995,0.8028647792597183,0.0
0.06629991093362629,0.7026147025150197,-0.16128788943402714,1.5519954037343469,0.05586030204977698,0.8063517846655129,0.0
0.05141372418874066,0.7001231493162059,-0.13647242021269174,1.5516697156354144,0.05553836217309012,0.8082433318004774,0.0
0.06609369061046218,0.6997564760651714,-0.1414091899629322,1.550514460119475,0.05354574030573405,0.8097645879640175,0.0
0.05322861162826548,0.6976408282958976,-0.11796385277696211,1.5500878002289078,0.05572488245731023,0.811002083414967,0.0
0.045863189955729446,0.696744935581469,-0.10529004959143398,1.5499659417947709,0.05692860576236088,0.8116460320929166,0.0
0.031583837775665424,0.6951544550127136,-0.0786093399609279,1.5502133700630594,0.059273209340860014,0.8145306956921221,0.0
0.013573980419860198,0.6938478883505168,-0.04735563773194007,1.5504205141174658,0.060256041444601754,0.8168109485503108,0.0
0.006067599775521789,0.6933322464555113,-0.026814100219217218,1.5502909854670894,0.05913091508721822,0.8179328682191626,0.0
-0.01981096909354326,0.6929013420627764,0.016584898112874846,1.5504906926291402,0.058717107941243844,0.8192489407402235,0.0
0.004481411751556089,0.69299134826513,-0.0026393021853602303,1.550531841060197,0.05629600473958824,0.8192825888387004,0.0
-0.009211694451669536,0.6933866302831002,0.022152643665311368,1.5510350401683812,0.05876637897500722,0.8201251095274343,0.0
-0.022434676440236195,0.694169914917393,0.04614731733468366,1.5516585412831048,0.06116765292611349,0.8209413032202612,0.0
-0.03579618156769847,0.695368596175114,0.07060252138929991,1.5524340210083447,0.06362118612335321,0.8217700694405353,0.0
-0.0549585958655158,0.6974076153426151,0.10423374764315335,1.5533190616628325,0.06496107372070359,0.8221245022055846,0.0
-0.06310563982852894,0.6992144068021705,0.12331982990293223,1.5540228531476423,0.06400900320978331,0.8217326957862998,0.0
-0.07298162856302302,0.7011229852023655,0.1424861738768044,1.554659253609085,0.06334563674018838,0.8212897229365893,0.0
-0.07401664874284987,0.7030090519077165,0.15464025159626937,1.5557021191355678,0.061968998221787266,0.8205407213765179,0.0
-0.09396501262168752,0.7069569108613472,0.18917084141399368,1.5568862568264878,0.06297081368246504,0.8196371260569852,0.0
-0.09318378018867708,0.7089377830144544,0.19786851375347558,1.558083145666116,0.06161645991472288,0.8186430050199469,0.0
-0.1087788604229175,0.7126451929252277,0.22398335002526967,1.5590085922310961,0.06235057382594188,0.817550779107995,0.0
-0.11188750651296285,0.7161282223328234,0.23990823647577764,1.5607525034390692,0.060992472855958525,0.8159614500025092,0.0
-0.13198481663533515,0.7220005371235233,0.27412431447210056,1.562162952543077,0.06168466995266785,0.813995965781207,0.0
-0.10933996646154655,0.719647440784843,0.2539384973005025,1.5623226925467946,0.06049076777758833,0.8100222875193522,0.0
-0.12164684393983538,0.7241575442359748,0.27611583148774493,1.5642389493163622,0.06252727791445375,0.810257651346405,0.0
-0.13230528923661472,0.7286035789390795,0.29728640085618485,1.5650772367975503,0.06466223780219235,0.8068779180758238,0.0
-0.14503298671615247,0.7337377274165545,0.32160725404247803,1.5652726234143537,0.06496670375425345,0.8011546507170069,0.0
-0.11532513150388737,0.7310199886898539,0.29742266966863756,1.5664448478360908,0.06354529840619932,0.795184922228338,0.0
-0.1280102707674086,0.7364311332865737,0.32001375567532825,1.5687332834553327,0.065401615871835,0.7952965921673913,0.0
-0.140453621812764,0.7421487856943764,0.34232133087550715,1.571078633596126,0.06722639769614717,0.7954236024741261,0.0
-0.14887769754595856,0.7464670324831156,0.35928505167225666,1.5713181875971483,0.06884817875227316,0.7902945537870416,0.0
-0.15899526630014002,0.751098366735558,0.3773633825563093,1.5716540509986008,0.06906154620124597,0.7861534491186857,0.0
-0.14407581032437322,0.7496354947554,0.3654328681739744,1.5725504271157509,0.06836084554831309,0.7825525743386395,0.0
-0.15438169152496561,0.7550678802178843,0.3841469519846694,1.5746144215134361,0.06975485704954704,0.782283094567535,0.0
-0.17022442369587007,0.7637623007776722,0.4144849886158925,1.5758215145527112,0.07038614462269593,0.7750988281313171,0.0
-0.12953191595203262,0.7576900588464688,0.37761130068902443,1.5787829990702353,0.06882015961943616,0.7689301785537999,0.0
-0.13837316999807836,0.7621294331346457,0.3924260946978939,1.5804127169052355,0.06979075596448057,0.7690332409543585,0.0
-0.14760581040008805,0.7670374152131118,0.40816860957860046,1.5822166836456786,0.07081672845883685,0.7691326384656636,0.0
-0.15746053612519373,0.7725883177649989,0.42525764869969274,1.5842520294467457,0.07192456917054553,0.7692298611629012,0.0
-0.17240556453284395,0.7820268616343783,0.45258711831398823,1.5878682052600628,0.07367719723303093,0.7692306197894958,0.0
-0.17524011604664563,0.786381221718982,0.4629339217942588,1.5890013959093003,0.07359666882460887,0.7645025450457655,0.0
-0.1775568939337909,0.7913431182049177,0.47399984559462016,1.5905267442727007,0.0734855339130881,0.7590527506996942,0.0
-0.18065001047853016,0.7976404111065076,0.48799234835841593,1.5923125570868288,0.07347952207122893,0.751719614356051,0.0
-0.1827130642689339,0.8015198157635421,0.49653275580507894,1.5932591487829826,0.07346068478019599,0.7468914768164044,0.0
-0.18340218259216182,0.8049573976506063,0.5033390556916608,1.5943046902602604,0.0734087287511076,0.7421907937676681,0.0
-0.18794675381966325,0.8112490603996096,0.5174240107620185,1.595879141152209,0.0734444406319707,0.7358143869666385,0.0
-0.1827808678066768,0.8127993527050137,0.5172739423210134,1.5972677280481578,0.07326291649428972,0.7309765461624059,0.0
-0.18506984914103158,0.8169315631973428,0.5260631654959306,1.5980450367301566,0.0738174009566154,0.7251936025315244,0.0
-0.18782932199489957,0.8207522627323505,0.5344112089834934,1.5986882045499378,0.0741280905139987,0.7203919963724522,0.0
-0.1929099605372963,0.8264240323986191,0.5470784104311939,1.599724758153707,0.07423989146299333,0.7148353365678651,0.0
-0.18328106238129788,0.825773953760936,0.5405719847922531,1.6011612101153245,0.07408414945112218,0.7102553707961426,0.0
-0.18082584161932014,0.8298140224741876,0.5459382947655816,1.6030640231911844,0.07506641651602936,0.7031951964023819,0.0
-0.18690471441580928,0.838926727258961,0.5630489591097282,1.6086011292303084,0.07604956975762439,0.7054209857099817,0.0
-0.18674041602003422,0.8420255536488247,0.5681661113191436,1.6091576579618279,0.07648583262597737,0.6989882966436171,0.0
-0.18582423402525625,0.8444242219592868,0.5716758117824682,1.6096412757523795,0.07686939359916736,0.6931650729973281,0.0
-0.18157817080251548,0.8471382746883285,0.5737962691083621,1.6107490170129222,0.07746383909736265,0.6843652010627919,0.0
-0.1871087621131272,0.8537525578707895,0.58640763038954,1.614441891534815,0.0778417017088795,0.6868062049306053,0.0
-0.18610419773164255,0.8560354258253866,0.5895428548067162,1.6149059477764929,0.07809221988799184,0.6810583248494853,0.0
-0.18390258468933615,0.8570232911656882,0.5899792432921235,1.6151611908557042,0.07828463132474985,0.6763624899072429,0.0
-0.18390251186645265,0.8607795744393478,0.5951039128951152,1.6180697002136297,0.07849603454193146,0.6766071751853695,0.0
-0.18120234111660533,0.8648236729139578,0.5989397358086745,1.621964754146156,0.07878689855943942,0.6758756541838871,0.0
-0.18283634149599334,0.8673499814237131,0.6033208673483171,1.6234864002626404,0.07890789780332526,0.6767618458065492,0.0
-0.18090420229456444,0.8689092907584206,0.6042362264370342,1.6252260682311677,0.07908736638364719,0.6760356928625392,0.0
-0.18174742589422657,0.8710373706514566,0.6075768344664965,1.626666780721017,0.07921025162554435,0.6766258891660174,0.0
-0.18029429795641239,0.8727451746815401,0.6089399077259292,1.6284696466924085,0.07938547000065214,0.6763757180210881,0.0
-0.18083185104955699,0.8756517356247676,0.6130983981086203,1.6306275014533633,0.07957296984537159,0.6770028435204949,0.0
-0.17863041573085417,0.8773221514175996,0.6139328126290927,1.6326419846011522,0.07978929900100333,0.6764953816835911,0.0
-0.18054144206439723,0.8809640974455483,0.6198617328046265,1.634976610416776,0.07999787163857128,0.6777845043588695,0.0
-0.17636077036402237,0.8806045005213506,0.6172290141132915,1.6348822685666409,0.08021846107740165,0.6722643913972857,0.0
-0.18174141369292243,0.8856599643344673,0.6271119737395995,1.6372497021645638,0.08034593795318416,0.6750063948869832,0.0
-0.18003701816825626,0.886202866766249,0.6272779565984405,1.6367218187320491,0.0804623927908262,0.6691829727372701,0.0
-0.17732471629085053,0.8856201908913048,0.6250880848053637,1.6364422757588448,0.08051493572002863,0.6656903699880831,0.0
-0.18078583676659407,0.8902014580772976,0.6330651653770084,1.6391004845606338,0.08053940048918827,0.6680771257766783,0.0
-0.17897048782333944,0.8900214802062325,0.6321090401473792,1.6383686259695103,0.08057641415910886,0.6632246187551554,0.0
-0.17698618412272102,0.8899208121246207,0.6308117967581564,1.6387370788073043,0.08055782329527023,0.6618077375804865,0.0
-0.17967963290344535,0.8933889718859017,0.6368302210969209,1.6408091750904108,0.08049715407864258,0.6640175457763132,0.0
-0.17701119431578338,0.8924110004648796,0.6343155523281068,1.639778509642854,0.0804895764714579,0.6588729809107449,0.0
-0.17889503654783853,0.8949991618061918,0.6386731056711403,1.6414730706830323,0.08036448542878384,0.660901472313083,0.0
-0.1753889357635287,0.893260899611243,0.6346438706090921,1.6402221845933316,0.08030927316175408,0.6556726784480773,0.0
-0.1812911921250811,0.8977181820644231,0.6439032122857788,1.6419799202612229,0.08012918646170457,0.6590944273875787,0.0
-0.18188747445510495,0.8981557911016794,0.6451772773677145,1.64098019009107,0.08009538511315406,0.6553316020482255,0.0
-0.18316204506328573,0.8989809839232267,0.6474440882041296,1.6397663112602847,0.08003397620268866,0.650829622350908,0.0
-0.18648363228956813,0.9009721847760057,0.6525458464765704,1.638383807083137,0.07997040193129296,0.6458426304912162,0.0
-0.18125164314870795,0.8978403781464427,0.6455055716865346,1.6374237401154683,0.07999666024243582,0.6424285953424512,0.0
-0.1797488835582415,0.8967736176841575,0.6436224087771717,1.6357511731820484,0.07969287303650133,0.6369603198680993,0.0
-0.1773881131605383,0.8953565034293618,0.640440691488834,1.6351583751184269,0.07928721524819018,0.634945301124718,0.0
-0.18037832402465026,0.8973396792520025,0.6447248488378079,1.635948111437157,0.07887593365306665,0.6371437869230944,0.0
-0.17795253963268673,0.895683391505585,0.6413186247237094,1.634828401770084,0.07856999666460676,0.6337570433965221,0.0
-0.17940814481805673,0.896657361639959,0.6433886930002573,1.6352924081582372,0.07827223580414709,0.6351011200909951,0.0
-0.17837336129320674,0.8960731974088514,0.6419529566407487,1.635339355010013,0.07792072027431202,0.6352293656952881,0.0
-0.17942905133810286,0.896819201812675,0.6434420931710524,1.635897003565457,0.07748765636363132,0.636901717013464,0.0
-0.1784882787366387,0.8962283579014602,0.6421109377985764,1.6357436671682455,0.07725980117431624,0.6364651473847296,0.0
-0.17907890064737572,0.89668620818394,0.6429413639291308,1.6362578756341661,0.07682810013764042,0.6380223453045802,0.0
-0.17828045268487538,0.8962342288264091,0.641819219026046,1.6363453322944237,0.07654321868182531,0.6383030246321457,0.0
-0.1788909877830011,0.8966810023616052,0.6426699505902836,1.6367814652223445,0.07619847280212255,0.6396334907313428,0.0
-0.17822248036934255,0.8963004348338356,0.6417137705590964,1.6368997758711266,0.07594269969620661,0.6400355294837258,0.0
-0.17883183068835642,0.8967085642335773,0.6424898529923618,1.637387581005824,0.07552960063800078,0.64165210966688,0.0
-0.17819239441491688,0.896292685820589,0.6415393018197325,1.637365574170738,0.0753398305131841,0.6416885620067312,0.0
-0.17834400045578144,0.8963883818310155,0.6417109706721383,1.6375273727735846,0.07519668056262432,0.6422514460761537,0.0
-0.17831647643822493,0.8963658866854203,0.6416209751518098,1.637660589576135,0.07505835218568468,0.6427483898284211,0.0
-0.1782875608307762,0.8963233229762431,0.6414925676712816,1.6378173154659221,0.07488530947627837,0.643381532514596,0.0
-0.17826226407417314,0.8962806727852702,0.6413790349783344,1.6379322021326053,0.07475410890269205,0.6438697900284021,0.0
-0.1782428019638666,0.8962285434242446,0.6412556305450091,1.638042417284465,0.07462083538269723,0.6443757125874681,0.0
-0.17822648665284413,0.8961745931666583,0.6411373386324585,1.6381326792762052,0.07450586567249992,0.6448195808363296,0.0
-0.17821475625648145,0.8960999119845713,0.6409888893221105,1.638226578754399,0.07437391700364525,0.645339286026262,0.0
-0.17820335890225902,0.8960344246802789,0.6408628616129447,1.63829379797805,0.07427403735202147,0.6457388342628886,0.0
-0.1782397086520665,0.8958149882555975,0.6405179711735098,1.6383942193130312,0.07403203749840698,0.6467456867547641,0.0
-0.1782268923055324,0.8954643832702434,0.6399679489746493,1.638434307485872,0.073781653391217,0.6478108478258691,0.0
-0.1783893942666207,0.8949520771331784,0.6392949246766956,1.6383707625955066,0.07348008024444835,0.6492112593334058,0.0
-0.17827374976798585,0.8945452615053778,0.6386346564778738,1.6383185403376288,0.07331814555981671,0.6499354759826145,0.0
-0.17874865660591424,0.8938708225110596,0.6379407531967582,1.6380428088545096,0.07303308145049589,0.6514943376643504,0.0
-0.17828943911107611,0.8926815918649772,0.6361078797000853,1.6373736656771007,0.07282630834348156,0.6515746093818604,0.0
-0.1792833497458346,0.8925604348246774,0.6364870164759248,1.6372010532181964,0.07265397872145152,0.6528161794532498,0.0
-0.1784784632658858,0.890946410125995,0.6339903395347201,1.636014567032545,0.07248651796871809,0.6516537919082561,0.0
-0.17988197884888607,0.891000996175716,0.6348582460098461,1.6358086560762852,0.07233309202932636,0.6529265285277278,0.0
-0.1790978676625954,0.8895821039181142,0.6326475249173446,1.6346775707136874,0.07221274280083573,0.6514783492585712,0.0
-0.18007730546191533,0.8893639647117341,0.6329099273101672,1.6343774989409672,0.07207851673316501,0.6524894346788948,0.0
-0.17977351051056611,0.8880823500990608,0.6311121012650387,1.6333649168054,0.07194707451369371,0.6518389165293959,0.0
-0.1806373887607043,0.8873713456192281,0.6306516328931016,1.6327691845814725,0.07179011165872438,0.6529317724458554,0.0
-0.18035462576976596,0.8857389661989311,0.6284377460161744,1.63138810562793,0.07164974150476999,0.6519383077766353,0.0
-0.18145123269341362,0.8849043716427415,0.627954505794834,1.6306284111657954,0.07148776039791531,0.653119079874874,0.0
-0.181026371012567,0.8829516812098137,0.625284255072766,1.628875689788821,0.07135028190847328,0.6514441227362634,0.0
-0.18256981384355606,0.8820029467457087,0.6249163440347567,1.6279016016559202,0.07116854550910254,0.6528213951465661,0.0
-0.18177167375621028,0.8796051109374633,0.6215163432214396,1.6256415239641608,0.07103143271715211,0.6499717857360665,0.0
-0.18367616550199103,0.8788811956348006,0.6216644807694167,1.624703528446254,0.07084572087643685,0.6513890308075172,0.0
-0.18295082255844222,0.8764709775208511,0.618298049875229,1.6223408107864987,0.0707033187583688,0.6483232373568161,0.0
-0.18476846094343707,0.8752736206874696,0.6177546096024,1.621092616195661,0.07048290650489503,0.6497488368317651,0.0
-0.18430246034632622,0.8728536471714025,0.6145153022382644,1.6186340787141416,0.07032459591477809,0.6467565751085842,0.0
-0.18768744654578817,0.8692298516633038,0.6116940332837755,1.6150594670714131,0.06990072261377182,0.6486230910779335,0.0
-0.18845023359423949,0.8679045047165209,0.6106243472548412,1.613077396225239,0.0697881544660415,0.6461611836919441,0.0
-0.18991898643273303,0.8661716823200395,0.6095011888334972,1.610359038471426,0.06963049932123148,0.643152077237659,0.0
-0.19204957724963193,0.8649897710748838,0.6094942695530633,1.6079125867498893,0.06949495873232736,0.6405643677811373,0.0
-0.19559741544796957,0.8645893536098188,0.6114091574591057,1.605573784360918,0.06941388878394579,0.6382616015018261,0.0
-0.19575779194544088,0.862449819922767,0.6087741963360375,1.603427422330515,0.06942663606475287,0.6364568614965472,0.0
-0.19737309047727739,0.8607143273273207,0.6076110916733841,1.6009542004019865,0.0694297943382385,0.6344528385460068,0.0
-0.19664491820359292,0.8578233996706809,0.6033561078949807,1.5986450957070606,0.06946622385417887,0.6328044990101549,0.0
-0.20011060435745964,0.8571264011246329,0.6047258630660031,1.5963336618495465,0.06947187989390216,0.6311528400900954,0.0
-0.19511882979159273,0.8518269969107515,0.5944249772076049,1.5940211938188804,0.0695735786056011,0.629968194784425,0.0
-0.19932651002212345,0.8517257762051957,0.5970675486969502,1.5919096097015226,0.06947715170198832,0.6283895603210484,0.0
-0.19894372527695736,0.8488665913569592,0.5929613419650986,1.5895652217706382,0.06953185946424018,0.6270563482292904,0.0
-0.2004980837597388,0.8472456851658392,0.5917737719594597,1.587418171749788,0.06956011960920605,0.6257557363454295,0.0
-0.19848376534426826,0.8412287147336662,0.582216844930503,1.5832086020724891,0.06968238643964782,0.6239295923289134,0.0
-0.2092498328787125,0.8408827866122938,0.5886682089151071,1.5783009052498436,0.06965622606466834,0.6213422032373839,0.0
-0.18898239667279632,0.8270150860831128,0.5564761405165062,1.5752992216527186,0.07002241769868935,0.6205136011121853,0.0
-0.1991106217322867,0.8283003774390567,0.5642479498392171,1.573779196999918,0.06931803486390219,0.6245830319047568,0.0
-0.20923399160286535,0.8286327953699034,0.5710748921806815,1.5699011455535603,0.06932226064161283,0.6226756337003548,0.0
-0.18076370160607366,0.8083361545595222,0.5235971818060199,1.5646484039128603,0.06990351513001006,0.6220404399146565,0.0
-0.20099025301871903,0.8130137790591226,0.5425811560000247,1.5635419861684627,0.06899167787602246,0.6296487114959339,0.0
-0.19904358238504213,0.8042500490051483,0.5274352068712259,1.5567320229497215,0.06922429670508624,0.6275060004897758,0.0
-0.20015788716688554,0.7998914176288636,0.5210306651891943,1.5525517751472382,0.06940069338965736,0.6259166024954376,0.0
-0.1903348018588269,0.7905401647846519,0.49974416547371464,1.5481616689448394,0.06972795789041893,0.6246823870792017,0.0
-0.20373164766005042,0.7907227682805217,0.5083521223627043,1.5436719603338107,0.06944926085224695,0.6225664387809916,0.0
-0.18713280451319256,0.7809876406480117,0.4818577613398484,1.5410984021383718,0.06981458889545467,0.6218866997275954,0.0
-0.19804360674036364,0.7815861179257523,0.4895859858098277,1.5380440131988793,0.0695960931281925,0.6205892892022937,0.0
-0.18734563936870077,0.7756023801018287,0.4725507705547609,1.5364317429448762,0.06986481798014398,0.6202386889499205,0.0
-0.19981778904572034,0.7768849576801444,0.48248411268589897,1.5336314133710311,0.06988836409614668,0.6191099768429353,0.0
-0.18343475132289672,0.7671913251545647,0.45515353376501666,1.5307006090840531,0.07033249308260467,0.6186315945958077,0.0
-0.19424758711021714,0.7682782756309383,0.4637515648423601,1.5283716798599096,0.07035091182712487,0.6176369210462901,0.0
-0.17610226849783284,0.7577182636612029,0.4329156699161684,1.5249256000952356,0.0708679884396918,0.6170441526057222,0.0
-0.18263978084868598,0.7581510959629552,0.43770025220625114,1.5233837744283574,0.07074368364009677,0.6163093576131834,0.0
-0.18136587604275176,0.7512244782455879,0.42295928294860446,1.5179064736521102,0.07116213227190275,0.6150751729852363,0.0
-0.15673508923704396,0.7362040813812761,0.3768124629357684,1.5117963371450471,0.07200493508835168,0.6138642670243539,0.0
-0.16770165625524536,0.7360771153916008,0.38249733922399615,1.5093398351812073,0.07109394844351363,0.614393836088418,0.0
-0.16445162065458818,0.7312891609284349,0.3691414199334779,1.5057724298996693,0.07146670281524328,0.6128597510793617,0.0
-0.15604532028482154,0.7254610757717371,0.3498542444765828,1.502472156802649,0.07191369867100951,0.6113926711733334,0.0
-0.1634030541236166,0.7242292890092871,0.35099095873599045,1.4996645973530227,0.07208959224749552,0.6099059474286691,0.0
-0.1475356556438019,0.7177114274944563,0.32472635024563035,1.4972734186502847,0.07260585580381129,0.6086892170498314,0.0
-0.16141501540715703,0.7188082838364434,0.33594455070060447,1.495366024898002,0.07260369013547982,0.607500934802049,0.0
-0.14800477476525198,0.7135703172781469,0.31366310329985114,1.4934022476804156,0.07306085514794125,0.6063928742860833,0.0
-0.14753031378513684,0.7112919995445759,0.30657641776893396,1.4913444202146404,0.07332370403346943,0.6051731015354299,0.0
-0.13840365979367714,0.706431079543415,0.28645132651297034,1.488621342881153,0.07382312082028585,0.6036583335679531,0.0
-0.15153117585811288,0.7063215180582352,0.293317723146245,1.4865373387542185,0.07433064966768298,0.6034731627714411,0.0
-0.14181131767242322,0.7027611327602677,0.27592515945211304,1.4852783552358662,0.07501392310542145,0.6033036208147654,0.0
-0.13016565261712876,0.6985770783740174,0.2544239019313933,1.4836991842426837,0.07585853674737372,0.6031212695204987,0.0
-0.11796978927935904,0.6945205174408572,0.23173250481499702,1.4821085504193965,0.0767541932131647,0.6029176989902234,0.0
-0.10617916941630268,0.6910102957631337,0.20993779553917352,1.4807003951106998,0.07762107760002022,0.6026934946836136,0.0
-0.10622524451486427,0.6896005021026067,0.20293235243452823,1.479533283599172,0.07823601343247957,0.6025245757689542,0.0
-0.09527963142336587,0.6868062762118711,0.1828157719596591,1.4784183764867906,0.07904488223439625,0.6022483416246047,0.0
-0.08585129441926978,0.6843256627899426,0.1635777588704885,1.4772708434362216,0.07989590752701729,0.6019573635689791,0.0
-0.08125644541810043,0.6828062410276842,0.15117471125704704,1.476391284535207,0.08058935337281464,0.6017029881520054,0.0
-0.07217750836269343,0.6811711472430863,0.1347931493831188,1.475728054176446,0.08126267735369805,0.60140740058068,0.0
-0.07052513644893532,0.6803272707853909,0.12695199130381563,1.4751274825391107,0.08182278247140436,0.6011899407330675,0.0
-0.05824820933683339,0.6783635606780042,0.1036172756141458,1.4742860356920338,0.08278169914257337,0.6007473113719933,0.0
-0.054560428602555576,0.6777348937693639,0.09454604019594487,1.4739264426758345,0.08329336220276855,0.6005057226135491,0.0
-0.047359697958701194,0.6768545628866116,0.07993856712078429,1.4735024399626602,0.08397416386666756,0.6001604459383902,0.0
-0.0424125684572783,0.6762447020601496,0.0679533003387067,1.4731582482783505,0.08461894830429968,0.599837942572672,0.0
-0.03435493226473967,0.6756359162609626,0.05262031227535992,1.4728801455052072,0.08529660315483377,0.5994564567764608,0.0
-0.03046853372562857,0.6752769950569708,0.04039655000482911,1.4726407607733643,0.08603712415281509,0.5990781110972273,0.0
-0.021754487189123713,0.6749764987932136,0.02448083301956792,1.4725096515601723,0.0867206502657252,0.5986497047257369,0.0
-0.015655208780825793,0.6748948879845256,0.0114365043849655,1.4724558526264857,0.08737482591550043,0.5982585242258114,0.0
-0.008841902408908385,0.6749546645807804,-0.003518869951679531,1.4724719184787736,0.08812735709934578,0.5977943399344686,0.0
-0.002038363554030982,0.6751575592996274,-0.017223825243531013,1.4725529370555948,0.08878889075503552,0.5973648904880566,0.0
0.0028718383241482714,0.6754975584455952,-0.029068617234650082,1.4727215769040571,0.0894470338653026,0.5969524251691075,0.0
0.006071289502540493,0.6756775585733652,-0.03478770904592414,1.47278664900324,0.08971409396075268,0.5967711278363457,0.0
0.011367383617501791,0.6761957965174008,-0.04716355344583645,1.4730467193914762,0.09038599312850777,0.5963298642593649,0.0
0.01982268658066269,0.676988943114475,-0.06395201716643649,1.4733948649392121,0.09117677006214678,0.595756403376997,0.0
0.024414692462484244,0.6778249836452285,-0.0759746834217161,1.4738499994097192,0.09188571234729903,0.595281813676496,0.0
0.03365342158819812,0.6789691558700512,-0.09309763207223896,1.4743148452975634,0.09265907139114916,0.5946788613574953,0.0
0.03560240207000265,0.6796068013523922,-0.09934951311408001,1.4746943265492476,0.09310206615655703,0.594404872096876,0.0
0.04347332124429885,0.6809917449878405,-0.11509457383445545,1.4753116005557882,0.09387303373043306,0.5938045030092282,0.0
0.04840495055249905,0.682515863336203,-0.12841681226649276,1.4761588774940722,0.09467874376171383,0.593219974084952,0.0
0.05768289075547719,0.684333713038901,-0.1455538512379692,1.4768953041745945,0.09547292314678812,0.5925553902427045,0.0
0.060833145476053965,0.6859001780820818,-0.15597043402313335,1.477839675866801,0.09619583352366762,0.5920530332850167,0.0
0.07033750175848558,0.6881280809247646,-0.17352820827195337,1.4787389050288002,0.09702036950512812,0.5913402276716204,0.0
0.07359641651282159,0.6898547279281075,-0.1835192757595564,1.4797492830135448,0.09771125159951743,0.590851848631968,0.0
0.0833223168869006,0.6925138001317007,-0.2015159021599654,1.4808130060088998,0.09856725240061867,0.5900928982643378,0.0
0.0844217720896312,0.6941654773500381,-0.20875317599057436,1.481951500030047,0.09920869475318718,0.5896858841048024,0.0
0.08990470995808507,0.695737965603772,-0.21841166379439084,1.4825332188073224,0.09967844748091641,0.5892854001830872,0.0
0.09729374465324919,0.6989898026722222,-0.23531032076727498,1.4841360211258139,0.10063994336191208,0.5884644266487447,0.0
0.10477906866648655,0.7022593386047858,-0.2514664921493309,1.4856655409117467,0.10154872029069285,0.5876893023932446,0.0
0.10959054481017866,0.7051273722919483,-0.26385660650635634,1.4871836808670977,0.10236146393296959,0.5870596277665731,0.0
0.11818211334411433,0.7089499083466946,-0.2812610916534643,1.488844306676852,0.10330727642180565,0.586221835059829,0.0
0.11999962465751199,0.7111670977466944,-0.28884956779192017,1.4902414478533184,0.10395871161882635,0.5858052872236621,0.0
0.13069075607808459,0.7157486454741623,-0.30877432429788854,1.4920072559410438,0.104963755730828,0.5848521184052141,0.0
0.128358520344028,0.7176632726486369,-0.3123148268769867,1.493838736420663,0.10562630718632456,0.5845605716731659,0.0
0.1409343360862501,0.7235421452814051,-0.3358613688411859,1.4960994288059912,0.10681387165076617,0.5833767261326567,0.0
0.14435954793247088,0.7265622936409324,-0.345401695535977,1.4977114748588718,0.10753506770220804,0.5828827106847125,0.0
0.15110085384535793,0.7309333881452565,-0.3601165657326422,1.4996701886869506,0.10844820994067386,0.5821285468452522,0.0
0.1536972542389229,0.7351807891740036,-0.37148172332915963,1.5022907681092723,0.10943508041970466,0.5814523091929679,0.0
0.15596830340388296,0.7385149906282495,-0.3802901757950204,1.5043042574675631,0.11022254524211855,0.5809615481621137,0.0
0.1568793678687366,0.7424732338058015,-0.38941089478080615,1.5070626947062498,0.11117813225770042,0.5803721884297139,0.0
0.16390041422405544,0.7487270541748491,-0.40706153700059483,1.5101811612986005,0.11239792694332343,0.5793432235802265,0.0
0.14976067802271734,0.7499581575380091,-0.40042647336632603,1.5144119331580945,0.11330119505860284,0.5793620093664975,0.0
0.16391504468663695,0.7579672049723952,-0.42565622957008,1.5172074199746504,0.11464340880320154,0.577978802587909,0.0
0.1718342051022084,0.7640078219672931,-0.4421481281121028,1.5197428872219745,0.11573538610971461,0.5770880651501664,0.0
0.14621604900394788,0.7626242770636767,-0.42299840011868417,1.5253461940014255,0.1165987739627265,0.5776704383593741,0.0
0.16958468725789128,0.7778607798498349,-0.46656029641278984,1.53105953040038,0.11893062084644257,0.5748782454404112,0.0
0.18254020453070538,0.7856696661447793,-0.48803880830074386,1.533155943056851,0.12013397290190506,0.5738361232360647,0.0
0.16645889115679843,0.7821096376374318,-0.47156972143989934,1.5352553857994196,0.12010975955191763,0.5748357805125177,0.0
0.1805311248122931,0.7911312364623483,-0.4956938189855642,1.5378820880447792,0.12145140667713782,0.5735410645333882,0.0
0.16982010558240476,0.7898456404242811,-0.4864659288917648,1.5401388695914162,0.12188677902585696,0.5741197981362627,0.0
0.1838497478412908,0.799222327100982,-0.5107444745742176,1.542872713022234,0.12324069057029358,0.5727818575437135,0.0
0.15942536684220165,0.7946116926573596,-0.48745067757243565,1.5471114623463327,0.12375560476817223,0.574084837939188,0.0
0.1783798395476739,0.8077340824076709,-0.52080167605538,1.5511442816279757,0.12560980157610885,0.572065680207335,0.0
0.19067570902162123,0.8169284789200212,-0.5425807661184363,1.5538158075372996,0.1269538010298398,0.5709350424753802,0.0
0.15266826857139354,0.8070007173762279,-0.5030747920007229,1.5592951471409262,0.12610190963299409,0.5728125098767582,0.0
0.16405044068104277,0.8141783938428525,-0.5214574768220661,1.560992515682388,0.1271523120145605,0.5718636984102997,0.0
0.17539349099320883,0.8216641560960765,-0.5399660410384449,1.5627384954659889,0.12821453516671377,0.5709232949751951,0.0
0.19856522422622888,0.839359562735974,-0.5806438886637616,1.5675849925449958,0.13053311405133117,0.5685423728389609,0.0
0.1780487693716936,0.8320497745354392,-0.5570958402101283,1.5693221856601207,0.12983925943290517,0.568115995634342,0.0
0.1921868131183281,0.8420304147016375,-0.5802198552754193,1.5714275927055295,0.13121006877868735,0.5670087761526311,0.0
0.16825741191351176,0.8336634716377728,-0.5529212620619325,1.5738959021733383,0.13048768587563714,0.5674827731039558,0.0
0.18575077803934512,0.8461012462369195,-0.5817849701003177,1.5766537057638985,0.13220904720408,0.5660087199661776,0.0
0.17787551938376725,0.845094402059845,-0.5749795552180522,1.57886401896435,0.13282923555758713,0.5668150551512255,0.0
0.19389846615687045,0.8565753953799098,-0.6010739087694701,1.581148733997865,0.13439223828875774,0.565576164052229,0.0
0.1680654640013273,0.8462957525058483,-0.5704574402691084,1.583197005435451,0.13352084391618502,0.565066969813078,0.0
0.1827965272249511,0.8564872177807292,-0.5939792074974899,1.5850684477413335,0.13496251008683435,0.5639832719457554,0.0
0.18341435063286557,0.8595870284650078,-0.5982658656756717,1.5870301886972638,0.13589841665482674,0.5641757273909054,0.0
0.17973004163176245,0.8606494192902985,-0.5970494649285409,1.589285621294747,0.13678616766826693,0.5647846455311644,0.0
0.1918177608086657,0.870754228943248,-0.6182532104408432,1.5918565813867855,0.13846008829027337,0.5640508116972959,0.0
0.16958388465120386,0.8607746574884875,-0.5907851809909279,1.593316293319975,0.13770282412989748,0.5638102003096512,0.0
0.18298196674294814,0.869724094395542,-0.6114478111628308,1.5945619035750647,0.13898809173289228,0.5629755671679011,0.0
0.1764163719154952,0.8683984722740953,-0.6052130090412867,1.5963572908960586,0.1396776653086043,0.5640009568285871,0.0
0.19146874623351537,0.8786133516307361,-0.6283896183643377,1.5976754763923688,0.14111243260594308,0.5630967865704205,0.0
0.16787198999321593,0.8673463616313498,-0.5985282391014956,1.5989791937383984,0.14028402663235195,0.5628929127284386,0.0
0.18357818369873116,0.8777229284475868,-0.622404159991847,1.6001886417490991,0.14178538947337035,0.5619776760384476,0.0
0.16831476684774407,0.8711644605345039,-0.6037338680376498,1.6017945373355555,0.14219091730276895,0.5632714152117411,0.0
0.1826065693167342,0.8804275064842335,-0.6251555007903467,1.6027024803150933,0.14353498359554195,0.5624942156248465,0.0
0.16888992926389176,0.8745674238105793,-0.608426186083883,1.6042530519027223,0.14403553081119497,0.5638322007379293,0.0
0.18063358964026402,0.8820246804697293,-0.625784308483936,1.6048466365336356,0.14512028105829125,0.5632379588371581,0.0
0.17609153841577577,0.8808126984740295,-0.6210720748544556,1.6060074637253314,0.1457839415688065,0.5642989328647051,0.0
0.1880811639149672,0.8889437575399088,-0.6392527274266588,1.606889706886483,0.1471363580444643,0.5639080090762016,0.0
0.1594735420362774,0.8738788465205723,-0.6015091259089647,1.6078710282794582,0.14620023283983216,0.5637877436238328,0.0
0.1785534850420167,0.8855274125499789,-0.6292033507906307,1.6085365885065022,0.14794181628995542,0.5628631637894644,0.0
0.1779688871440361,0.8863098714152574,-0.6295254354502362,1.609393396423099,0.14880709662671707,0.563734437490567,0.0
0.1783910068516716,0.8874661140147936,-0.631064152331983,1.610138334161179,0.14966135508853984,0.564504008561763,0.0
0.17706935767116258,0.8872304776357914,-0.6297881366924855,1.6106409539156001,0.150174928689955,0.565201688264602,0.0
0.18075722194494998,0.8906216962905376,-0.6362990816873487,1.611733010503621,0.15166786593556494,0.5662180785768111,0.0
0.16383781738076497,0.8814359833284462,-0.6135214179849193,1.6125471258212436,0.15196302311070736,0.5677881391407186,0.0
0.18207252680539332,0.8919934810613974,-0.639175937719196,1.6126769906251714,0.15351592791769378,0.5670370932989544,0.0
0.15790773705940975,0.878573510975841,-0.6062702050937605,1.6135721981834887,0.15342670271432465,0.5690889511129137,0.0
0.1707802948434761,0.8858848516137173,-0.6242200250482547,1.6135647614989137,0.1545031839037494,0.5685592652593774,0.0
0.20341529413049658,0.9051307988563024,-0.6699163804898021,1.6135200805948637,0.15724536315071752,0.5672941195835999,0.0
0.17623753958659163,0.8886860984716887,-0.6320623191033975,1.613702325858594,0.15634476521174373,0.5676501584700613,0.0
0.18190476950552847,0.8925644091499062,-0.6401959160487455,1.6139382941360192,0.15749950012677608,0.5682637723307363,0.0
0.15839886340547896,0.8793240838648249,-0.6078089486323321,1.6145969307165255,0.1574427875041199,0.5703560797234529,0.0
0.17974271463576194,0.891303673441441,-0.6372343900816279,1.6143375334670718,0.15918831112287743,0.5694988421599089,0.0
0.16387281536807824,0.8826607787112106,-0.6154567325565556,1.6150108444173565,0.15979436635363348,0.5717279349319371,0.0
0.17919572252962698,0.8913289674165528,-0.6365924615038273,1.6148149809688765,0.1610268019580926,0.5711049457209483,0.0
0.17365593737290555,0.8883198954316349,-0.62900019278464,1.6151046265602083,0.1613246744490429,0.5720547005756441,0.0
0.1874509288804475,0.8963857447148821,-0.648116266159493,1.614987912010665,0.1625832403698791,0.5717033669098529,0.0
0.16116831755541902,0.8809560659580896,-0.6115453157054195,1.615064222890826,0.16175212211667467,0.572070467593604,0.0
0.1828946164997568,0.8931054513155924,-0.6413856395365525,1.614713376021698,0.1634890157254859,0.5711637477353648,0.0
0.15497473961287436,0.8771513134540185,-0.6026888240494491,1.6154420234293605,0.1630077880049471,0.5739107138194277,0.0
0.17677557148522577,0.8890480888288149,-0.6323907723875943,1.6149696960424489,0.16470909371987388,0.5729884156010053,0.0
0.1796503291340907,0.8909223238213152,-0.6361729035763977,1.6150735078751588,0.1658161536973498,0.5740995618261643,0.0
0.16515491095004856,0.8825584785812245,-0.6157824198002776,1.6154410646108848,0.1663388043646001,0.5762346727460465,0.0
0.18581043003950612,0.893646041456049,-0.6435709334806519,1.6147949258776948,0.16788672299409435,0.5754407679535699,0.0
0.1586489936707291,0.8773601247519239,-0.6051564874175502,1.6144922423265766,0.16705064798562458,0.5759613090451525,0.0
0.1743277271986948,0.8855738917396174,-0.6260625966583393,1.6139100026997653,0.16822474041430505,0.5753593650881607,0.0
0.18685717784484834,0.892353158301377,-0.6426859145434293,1.6133967653662518,0.16929006119286408,0.5751169211339711,0.0
0.16843277490515463,0.8812091740043473,-0.6164692753747477,1.6130862153592176,0.16871788253143363,0.5755070201044812,0.0
0.1840168763447332,0.889305365064055,-0.6369769848074797,1.6123498379367538,0.1698750574759516,0.5749912061676282,0.0
0.16567525205731073,0.8782989024813995,-0.6108406521562434,1.6124216522264436,0.1695031834311206,0.577012238787102,0.0
0.17955481553241365,0.8852902322844041,-0.6289102672416006,1.6116828806828747,0.17050895765899682,0.5765696296010081,0.0
0.1750648133665642,0.8818398271902874,-0.6212078247335243,1.611320846826234,0.1712521735948303,0.5786592445224307,0.0
0.18911321501485848,0.888652238292393,-0.6390138746352495,1.6103652687322676,0.172358568621139,0.5785063205542118,0.0
0.1662650123327334,0.8741958261646566,-0.6057056766762834,1.6095113355709951,0.1716615734425024,0.5791300496586146,0.0
0.1810290496923781,0.8811657736630389,-0.624407890277923,1.6084954254331256,0.17268393487018385,0.5787339153994958,0.0
0.17547473867922464,0.8770929583443708,-0.6152795333117029,1.6080620841736704,0.17317010410908348,0.5804519551335519,0.0
0.1938581914015439,0.8854244316574739,-0.6379364520236191,1.606497171531738,0.17445566077271338,0.5801987710252958,0.0
0.17313784276829544,0.8720170867687668,-0.6073289761376146,1.6054687957502725,0.1738290603872338,0.5808328790587831,0.0
0.18819870238108094,0.8787891582173515,-0.625893495667241,1.6042036441915641,0.1748287540631453,0.5805233498593104,0.0
0.1660081249887067,0.8646112376460544,-0.5929466147073434,1.602958825854509,0.17408975749091773,0.581447020198475,0.0
0.18347231894505353,0.8719273112818604,-0.6139895975196621,1.6012976873679072,0.1752246005674474,0.5811412100882568,0.0
0.17275660932363746,0.8641068994149589,-0.5963944248213789,1.6002714166801455,0.17570000964595117,0.5838116345275866,0.0
0.1874759391666053,0.8701758791630241,-0.6139734046856292,1.5988318370575452,0.17662130399524764,0.5835759550042029,0.0
0.16903356089958874,0.858327186540174,-0.5862138618202113,1.5980250754436447,0.17629639756456905,0.5862918032506227,0.0
0.18622681096491037,0.8649440306867479,-0.6062643585856228,1.596149234146265,0.17732328486933216,0.586080827962288,0.0
0.17336262456787463,0.856734266503373,-0.5868067798342326,1.5954578451854782,0.17740684252799138,0.5878305366638733,0.0
0.18872344000921693,0.8625247645194032,-0.6045280575749779,1.593722564899788,0.178298430366178,0.5876702682380596,0.0
0.17114529022993863,0.8511313510429904,-0.5777061617461736,1.5927026885557556,0.17796807573508688,0.590322947286356,0.0
0.18697629092192042,0.8567799959280835,-0.5956495853147282,1.5908075664722205,0.17884729133669994,0.5901914600761954,0.0
0.171136864288427,0.84641274578505,-0.5711036616659825,1.589604883297611,0.1789971746600815,0.5924689067917945,0.0
0.1874537188137726,0.851941102342564,-0.5892768682473363,1.5875508406820056,0.179867014605197,0.5923676751911721,0.0
0.17253619723295652,0.8421779438865217,-0.5660170870209212,1.5863704498357234,0.17997690351528176,0.59472307989911,0.0
0.1893487062230955,0.8476037271120327,-0.5844207737078545,1.5841592462938214,0.18083497833447928,0.5946568245954561,0.0
0.17193432709042358,0.8361093477977862,-0.5570122237349603,1.5827307911133466,0.18062484525972589,0.5978019722869623,0.0
0.1867651052516687,0.8407260923422895,-0.573094987174385,1.5807727643241456,0.18134506684725285,0.5977380795051896,0.0
0.17480654259958966,0.8320843248320116,-0.55289412870691,1.5791935090129485,0.1816031094018162,0.6005340663505737,0.0
0.18977049758593645,0.8365289602952636,-0.5688647899894679,1.5771616419282777,0.18229245722071427,0.6004980256591469,0.0
0.17559441032479103,0.8274092564312954,-0.54654656526862,1.5759401138441025,0.18210456281299364,0.6029995925981155,0.0
0.19246605608296474,0.8320968798783623,-0.5641481375462716,1.5735278344611787,0.18284081829523835,0.6030167127380682,0.0
0.1738437883993381,0.8199413702952593,-0.53446873262445,1.5712335416717307,0.1822831504442106,0.604542284349652,0.0
0.1911451097671725,0.8244724894936776,-0.5522260854691355,1.5687173483866785,0.18301323865087346,0.6045720774768415,0.0
0.17423227976634648,0.813537371505816,-0.5250196231904825,1.5665544249271681,0.18249011426001052,0.6062407823740198,0.0
0.19018721433315255,0.8175416269455995,-0.5412168690443788,1.5642437217404521,0.18314099403453948,0.6062649974568791,0.0
0.1701044750510396,0.8044431228305955,-0.5083057368700553,1.561492591567737,0.18255319085198013,0.6087285179676476,0.0
0.1871713773853537,0.80840103546541,-0.5253168068588873,1.5589905152847832,0.18321443824377945,0.6087562665658177,0.0
0.17199218064410127,0.799074085761916,-0.5007829748003975,1.5574173484085925,0.18306015948772064,0.6118206733411298,0.0
0.1895619548940711,0.8028813558249818,-0.5179524402665391,1.5547975027586263,0.18369566409778756,0.6118803526925899,0.0
0.17703682393837655,0.7953211620755513,-0.4977802372813462,1.5532163358626991,0.18332046325339568,0.6132313361446924,0.0
0.18083311843686067,0.7936314998556084,-0.4971033862713273,1.55097498424326,0.1837328530779083,0.614656840192406,0.0
0.16653162270033628,0.7841570283384942,-0.47201477987138235,1.5487811298572125,0.1839336789860035,0.6182305506233301,0.0
0.18386836923271324,0.7873532487342526,-0.48843982339885633,1.5462108759874615,0.18447737192945804,0.6182706895005647,0.0
0.1645378347782446,0.7755126125531622,-0.4558389414024869,1.543197573069919,0.18394637096154962,0.6205402852207601,0.0
0.1803828312840339,0.778327739910625,-0.4707641673685747,1.540938233405648,0.18441916806710168,0.6205292289874286,0.0
0.16364290330431946,0.7687573035017135,-0.4428727462598286,1.5390316212465047,0.18409661517202278,0.6242007612895156,0.0
0.18178021101461136,0.7716589630321324,-0.45950557584347484,1.5364010512743835,0.18458587931697215,0.6242200129185305,0.0
0.16519807975072814,0.7623422061360055,-0.43176230528920767,1.5339481715868477,0.1841865610279306,0.6258198779449886,0.0
0.1745790396462356,0.7612738386935486,-0.4351429412528315,1.5308878441168075,0.18462331130558107,0.6271231688415827,0.0
0.15440356510868994,0.7502103477393526,-0.40068145857447085,1.527899277256084,0.18418589130742263,0.6296389105516921,0.0
0.1839279507603091,0.7535562303305903,-0.42578357241056497,1.5234959188631207,0.18485004082210035,0.6297438864727987,0.0
0.16343606398824048,0.7429125828241832,-0.39108994711885636,1.5205614266960468,0.18441523409502528,0.6313135168239533,0.0
0.14589372432179598,0.7348243677263356,-0.3617244897183934,1.5187886510989133,0.1843587763362444,0.634599809080097,0.0
0.16457373436384007,0.7370163081299773,-0.37808671451382847,1.5164926335631372,0.18473078031342396,0.6343924289163877,0.0
0.1483385200790167,0.729733047001263,-0.3508805589197073,1.514345949112452,0.184431840806498,0.6353429233767007,0.0
0.1462390317723625,0.7259467218050198,-0.3395313166815381,1.5120629923681148,0.18466842820774482,0.6371456056372355,0.0
0.12973415753895612,0.7197051667226703,-0.3127913994922126,1.5108167723578518,0.1847219777012052,0.6397583519680511,0.0
0.14567458627826813,0.7206114290852419,-0.3248047646656176,1.5086401713188502,0.18501425874910568,0.6397181476283802,0.0
0.12969022489307103,0.7134744964866522,-0.29469141262719595,1.5068818214575803,0.1845529808600543,0.6438895091438008,0.0
0.1129311206394653,0.7075816751810622,-0.2655729002437952,1.5060701525042253,0.1844093533841631,0.6488189109248317,0.0
0.10647462817800786,0.7042994025922654,-0.2499746509493807,1.5045678183407767,0.18450589705526477,0.6502250083825983,0.0
0.09867585802755008,0.7012674751762482,-0.23387404389699532,1.5033902565878918,0.18457559584917663,0.6514954343480792,0.0
0.09544559092108723,0.698849512297356,-0.2222347326512545,1.501972916319718,0.18466332505300978,0.6524770701568676,0.0
0.07967980660991089,0.6948474702570259,-0.19594654331350206,1.5009661376409225,0.18469973220692146,0.6541786322835872,0.0
0.09254235605503736,0.6946487801996556,-0.2027575099020821,1.4992443334562775,0.18481877621735085,0.6539756826267252,0.0
0.08046416970345516,0.6916309774903511,-0.18087965004045056,1.4988250098169966,0.18467145430332793,0.6568021229541592,0.0
0.060824658640064186,0.6871497180403182,-0.1443173545777332,1.4985132053638448,0.18456990392233275,0.6625394034840303,0.0
0.03707504100987914,0.6834895145799029,-0.10505206215271812,1.4976295180553192,0.184576012473643,0.6644005432291853,0.0
0.060989261728132606,0.6840537164852327,-0.12381523520866615,1.4961372293873565,0.18457910074227418,0.6631122785232775,0.0
0.0429052475449142,0.6815083165929755,-0.08933560850568148,1.4962727654054593,0.18454660085140923,0.667272533605878,0.0
0.030643302607344207,0.6805651085911354,-0.06796247416329802,1.4966757850286185,0.18458355970525073,0.6698148753445436,0.0
0.01336329142558983,0.6794846699117598,-0.03532524769477155,1.4973085562599213,0.18469193913503557,0.673682608665268,0.0
-0.008398389406869333,0.6790573910615532,0.0032072501319380664,1.4980679289257002,0.18479235076047063,0.6770012842775124,0.0
-0.01773413163488679,0.6792922761794667,0.020816088988492163,1.498021664034605,0.1847360365343176,0.6768243194985529,0.0
-0.01917094149134731,0.6796052250110042,0.030425402862265652,1.4978917738615165,0.18464596755412185,0.676151698187848,0.0
-0.03552440633090634,0.680314727080598,0.0567317442137593,1.4982074851847922,0.1846441986078968,0.6765202042234432,0.0
-0.029068185737156263,0.6805471171303539,0.05632078091401878,1.4981262979397674,0.18454049029461597,0.6754264488295072,0.0
-0.043750554306905,0.6818015566891763,0.0816041858570413,1.4990253718960564,0.184621338410433,0.6768183213645185,0.0
-0.0595890989545507,0.6834143468098133,0.1082129324842176,1.4994366088855708,0.18458657679336057,0.676417742127498,0.0
-0.05525614131521375,0.683519260846702,0.10651185988325305,1.499482652267349,0.18452842801285113,0.6756870604212301,0.0
-0.07996761865545901,0.6871713788689751,0.1518868056900553,1.5005827006768682,0.1844781617377404,0.6746754445800066,0.0
-0.06567630217377621,0.6874486477816991,0.144512463519439,1.5010726712046973,0.1843508393959567,0.6725277389323245,0.0
-0.0811997838562969,0.6910821645931777,0.17330812638570461,1.5035726776187661,0.18449633739267762,0.6754326242347702,0.0
-0.08976257650360725,0.6930771638043988,0.18782339468074732,1.504552634159661,0.1845873122312339,0.6761779758584594,0.0
-0.11013625895440712,0.6982489610710187,0.22385009081760893,1.506542158659919,0.1846801458512334,0.6761112166294873,0.0
-0.11383494852968212,0.7005660406658157,0.23521311629353306,1.5073623635615685,0.18461441074824175,0.6745680910452603,0.0
-0.12681958901237686,0.7045925482409132,0.2583410125149935,1.5084188067336197,0.18458073249844145,0.6730924097657673,0.0
-0.11842538495596365,0.7062686063240835,0.2593948467333159,1.509893695511327,0.18448425425425258,0.6703531207033763,0.0
-0.131327848982863,0.7111239081771914,0.2827482392151487,1.5125570898670615,0.1845690448755235,0.672601448915657,0.0
-0.14163083986342634,0.714904414914288,0.3010567155568526,1.5133918813524407,0.18461522796323535,0.6706865970605154,0.0
-0.13876256959126929,0.7162623375186552,0.303824244290367,1.5139879049479457,0.18460496242894603,0.6676906790322237,0.0
-0.15143612030575754,0.7214586352285648,0.32712206428231105,1.5150768671158663,0.18461911984434884,0.664542780305913,0.0
-0.1370719525625138,0.7204352759467825,0.31617432198906154,1.515796271668091,0.18461940563914536,0.6612965185848304,0.0
-0.1462982955533702,0.7247973255908039,0.33335349442527146,1.5179078940702644,0.18458195563648913,0.6622680127064055,0.0
-0.15546331400410665,0.7290304200876482,0.35030840774340344,1.5188951008799536,0.18457066197044578,0.6599655495015888,0.0
-0.15007149203298395,0.7305648138287572,0.35132440731424036,1.5200626257947496,0.18458200553211135,0.6564513310947174,0.0
-0.15868292767694003,0.7351230740715683,0.3680880706494247,1.5213566342616887,0.18452008075141277,0.654250044809067,0.0
-0.16027515754754265,0.7383910177715682,0.37717618264059427,1.5226356642274625,0.1845244825629738,0.6509888512806761,0.0
-0.17078503383503815,0.7459515690517089,0.40155464096391286,1.5249922134794665,0.18449549008909938,0.6462343937687766,0.0
-0.16227938066882058,0.7472957700359539,0.3996546428972706,1.5267351814725574,0.18456149122964008,0.6421899796492906,0.0
-0.16432108974073445,0.7516820473075065,0.4103497278781762,1.5291359684180377,0.1841690244950453,0.6401518347769962,0.0
-0.1657363442120576,0.753794639339011,0.41537607712239094,1.5306372602331322,0.1839520260574383,0.6408096274542265,0.0
-0.16680444803313507,0.7555141350054488,0.41941805597430604,1.531804923424274,0.1837757299756438,0.6410927288373963,0.0
-0.16815491843912375,0.7582459179811551,0.4256067412748036,1.5336945209605046,0.18351011447258717,0.6413838611193063,0.0
-0.16966788640644911,0.7611381136317386,0.4320182267721221,1.5358674753429928,0.18324994912010986,0.6424166330732846,0.0
-0.17091886380841825,0.7634190201624639,0.43702426274755835,1.5375961587874896,0.18305464286955297,0.6433633542145394,0.0
-0.1719386540847561,0.7653690941204994,0.4412520485986477,1.539044427745264,0.18289263790973787,0.6440380824316234,0.0
-0.1732535029580941,0.7685800396115037,0.447962703042957,1.5414603430943021,0.18264454045055015,0.6449479847532766,0.0
-0.17490421956710012,0.7723157280405625,0.45564865437475977,1.5443901630362047,0.18238532716637582,0.6465889157146167,0.0
-0.176575810612411,0.7760960487722333,0.4633005902999828,1.5473438619166298,0.18214818531543178,0.6482615979935356,0.0
-0.17809369656781407,0.7796008153296209,0.47026366214614274,1.5500769124235327,0.18194822056330504,0.6498125332161039,0.0
-0.1795117472279277,0.7832712489075767,0.4773565274058683,1.5529571878050017,0.18175929835870783,0.6513788387005697,0.0
-0.18077634424305228,0.7867387072462703,0.48391721415078837,1.5556832761484067,0.18159877137932737,0.652843843599487,0.0
-0.18167378767603073,0.7904266227073327,0.4905462666630093,1.5586549942605996,0.18144365022908016,0.6542399396141159,0.0
-0.18257177181634637,0.7936949511303945,0.49639632236578274,1.5612683986145237,0.18132214909203978,0.6555370586442959,0.0
-0.1833111824490475,0.7970001519540508,0.5021453500124543,1.5639401354358038,0.18121375791252728,0.6567983533213912,0.0
-0.18401230344254857,0.8000480803960659,0.5073949387611917,1.56639930313207,0.18112736765634307,0.6579863387486267,0.0
-0.18463612642794103,0.803501348076267,0.5131835630739644,1.569215600405643,0.18104494653886088,0.6592748355192826,0.0
-0.18532610505008762,0.8069805433846655,0.5189825767671377,1.5720386486806806,0.18097866618508587,0.6606115609340851,0.0
-0.1858527603749428,0.8108200496756708,0.525172480105959,1.575200494104614,0.18092361851496558,0.6620142184519512,0.0
-0.18603361184106845,0.8146485616631326,0.5310620538019888,1.5784320945876456,0.18088677640406997,0.6633207340012943,0.0
-0.18637953439656665,0.8172494348175112,0.5351371231698642,1.5805878118130916,0.1808739681405458,0.6643356456479779,0.0
-0.18642492031055133,0.8201239456454676,0.5394083797509623,1.5830483224358003,0.1808709723430662,0.6653492058550639,0.0
-0.18656407597972527,0.8228703817847131,0.5435090190703921,1.5853799663863524,0.18087904274084082,0.6663676195497754,0.0
-0.18658565933188764,0.8259640796727525,0.5480120424924427,1.5880386453589317,0.18090047174157012,0.6674741427359613,0.0
-0.1866372765087079,0.8294636407565413,0.5530764430518382,1.5910393323638616,0.18093926373522054,0.6687412206607704,0.0
-0.1866526614732607,0.8334038727671689,0.5586950516934287,1.5944300008242347,0.18100188039172127,0.6701689581230102,0.0
-0.18649367823363075,0.8360908631604091,0.5623696316891557,1.5968083716422694,0.18106537389993635,0.6711746933642267,0.0
-0.1863524008171853,0.8378766739463575,0.5647663345048404,1.5984111147864781,0.1811185352700606,0.6718777945010032,0.0
-0.18601957292229618,0.8401513834536306,0.5677164004980648,1.6004907270806918,0.18119296092770618,0.6727130020013098,0.0
